row_type,contrast,formula,metric,seed,delta,seed_sd,favorable_seed_count,bootstrap_low,bootstrap_high,evidence_language
seed,P0_state,P0S1-P0S0,mae_0_1800,48,-4.103992427393722,,,,,
seed,P0_state,P0S1-P0S0,mae_0_1800,49,-6.760791765163155,,,,,
seed,P0_state,P0S1-P0S0,mae_0_1800,50,3.0089480361506933,,,,,
seed,P0_state,P0S1-P0S0,mae_0_1800,51,-3.0000985349703306,,,,,
seed,P0_state,P0S1-P0S0,mae_0_1800,52,-3.6782184919034338,,,,,
seed,P0_state,P0S1-P0S0,mae_0_600,48,-6.53789013071876,,,,,
seed,P0_state,P0S1-P0S0,mae_0_600,49,-12.594100338280372,,,,,
seed,P0_state,P0S1-P0S0,mae_0_600,50,8.253467478223373,,,,,
seed,P0_state,P0S1-P0S0,mae_0_600,51,-4.716906010908392,,,,,
seed,P0_state,P0S1-P0S0,mae_0_600,52,-5.868293779520889,,,,,
seed,P0_state,P0S1-P0S0,mae_600_1800,48,-2.8870435757312034,,,,,
seed,P0_state,P0S1-P0S0,mae_600_1800,49,-3.8441374786045444,,,,,
seed,P0_state,P0S1-P0S0,mae_600_1800,50,0.38668831511435275,,,,,
seed,P0_state,P0S1-P0S0,mae_600_1800,51,-2.141694797001299,,,,,
seed,P0_state,P0S1-P0S0,mae_600_1800,52,-2.583180848094704,,,,,
seed,P1_state,P1S1-P1S0,mae_0_1800,48,-4.0397231745994,,,,,
seed,P1_state,P1S1-P1S0,mae_0_1800,49,-10.519071161712404,,,,,
seed,P1_state,P1S1-P1S0,mae_0_1800,50,4.269042156136967,,,,,
seed,P1_state,P1S1-P1S0,mae_0_1800,51,-4.071456476418425,,,,,
seed,P1_state,P1S1-P1S0,mae_0_1800,52,-3.684465660653579,,,,,
seed,P1_state,P1S1-P1S0,mae_0_600,48,-6.554577223093519,,,,,
seed,P1_state,P1S1-P1S0,mae_0_600,49,-16.538819078527204,,,,,
seed,P1_state,P1S1-P1S0,mae_0_600,50,7.0024054109509155,,,,,
seed,P1_state,P1S1-P1S0,mae_0_600,51,-5.890794709223488,,,,,
seed,P1_state,P1S1-P1S0,mae_0_600,52,-5.270269441171796,,,,,
seed,P1_state,P1S1-P1S0,mae_600_1800,48,-2.7822961503523413,,,,,
seed,P1_state,P1S1-P1S0,mae_600_1800,49,-7.509197203305003,,,,,
seed,P1_state,P1S1-P1S0,mae_600_1800,50,2.9023605287299943,,,,,
seed,P1_state,P1S1-P1S0,mae_600_1800,51,-3.1617873600158926,,,,,
seed,P1_state,P1S1-P1S0,mae_600_1800,52,-2.8915637703944714,,,,,
seed,S0_preprocessing,P1S0-P0S0,mae_0_1800,48,-0.11616987661253209,,,,,
seed,S0_preprocessing,P1S0-P0S0,mae_0_1800,49,3.791556260944109,,,,,
seed,S0_preprocessing,P1S0-P0S0,mae_0_1800,50,-0.30213440757285426,,,,,
seed,S0_preprocessing,P1S0-P0S0,mae_0_1800,51,0.9349198222179025,,,,,
seed,S0_preprocessing,P1S0-P0S0,mae_0_1800,52,0.28127134824282685,,,,,
seed,S0_preprocessing,P1S0-P0S0,mae_0_600,48,-0.26426087724663283,,,,,
seed,S0_preprocessing,P1S0-P0S0,mae_0_600,49,3.917090219054284,,,,,
seed,S0_preprocessing,P1S0-P0S0,mae_0_600,50,2.3874257960927636,,,,,
seed,S0_preprocessing,P1S0-P0S0,mae_0_600,51,0.9179850175930806,,,,,
seed,S0_preprocessing,P1S0-P0S0,mae_0_600,52,-0.04409704279929372,,,,,
seed,S0_preprocessing,P1S0-P0S0,mae_600_1800,48,-0.04212437629548216,,,,,
seed,S0_preprocessing,P1S0-P0S0,mae_600_1800,49,3.728789281889026,,,,,
seed,S0_preprocessing,P1S0-P0S0,mae_600_1800,50,-1.6469145094056619,,,,,
seed,S0_preprocessing,P1S0-P0S0,mae_600_1800,51,0.9433872245303125,,,,,
seed,S0_preprocessing,P1S0-P0S0,mae_600_1800,52,0.44395554376389024,,,,,
seed,S1_preprocessing,P1S1-P0S1,mae_0_1800,48,-0.051900623818210256,,,,,
seed,S1_preprocessing,P1S1-P0S1,mae_0_1800,49,0.03327686439486088,,,,,
seed,S1_preprocessing,P1S1-P0S1,mae_0_1800,50,0.9579597124134196,,,,,
seed,S1_preprocessing,P1S1-P0S1,mae_0_1800,51,-0.136438119230192,,,,,
seed,S1_preprocessing,P1S1-P0S1,mae_0_1800,52,0.27502417949268176,,,,,
seed,S1_preprocessing,P1S1-P0S1,mae_0_600,48,-0.28094796962139146,,,,,
seed,S1_preprocessing,P1S1-P0S1,mae_0_600,49,-0.027628521192550437,,,,,
seed,S1_preprocessing,P1S1-P0S1,mae_0_600,50,1.1363637288203066,,,,,
seed,S1_preprocessing,P1S1-P0S1,mae_0_600,51,-0.25590368072201475,,,,,
seed,S1_preprocessing,P1S1-P0S1,mae_0_600,52,0.5539272955497996,,,,,
seed,S1_preprocessing,P1S1-P0S1,mae_600_1800,48,0.06262304908338001,,,,,
seed,S1_preprocessing,P1S1-P0S1,mae_600_1800,49,0.06372955718856677,,,,,
seed,S1_preprocessing,P1S1-P0S1,mae_600_1800,50,0.8687577042099797,,,,,
seed,S1_preprocessing,P1S1-P0S1,mae_600_1800,51,-0.07670533848428107,,,,,
seed,S1_preprocessing,P1S1-P0S1,mae_600_1800,52,0.13557262146412263,,,,,
seed,interaction,(P1S1-P1S0)-(P0S1-P0S0),mae_0_1800,48,0.06426925279432183,,,,,
seed,interaction,(P1S1-P1S0)-(P0S1-P0S0),mae_0_1800,49,-3.7582793965492485,,,,,
seed,interaction,(P1S1-P1S0)-(P0S1-P0S0),mae_0_1800,50,1.2600941199862739,,,,,
seed,interaction,(P1S1-P1S0)-(P0S1-P0S0),mae_0_1800,51,-1.0713579414480945,,,,,
seed,interaction,(P1S1-P1S0)-(P0S1-P0S0),mae_0_1800,52,-0.006247168750145082,,,,,
seed,interaction,(P1S1-P1S0)-(P0S1-P0S0),mae_0_600,48,-0.016687092374758627,,,,,
seed,interaction,(P1S1-P1S0)-(P0S1-P0S0),mae_0_600,49,-3.9447187402468327,,,,,
seed,interaction,(P1S1-P1S0)-(P0S1-P0S0),mae_0_600,50,-1.251062067272457,,,,,
seed,interaction,(P1S1-P1S0)-(P0S1-P0S0),mae_0_600,51,-1.1738886983150953,,,,,
seed,interaction,(P1S1-P1S0)-(P0S1-P0S0),mae_0_600,52,0.5980243383490933,,,,,
seed,interaction,(P1S1-P1S0)-(P0S1-P0S0),mae_600_1800,48,0.10474742537886206,,,,,
seed,interaction,(P1S1-P1S0)-(P0S1-P0S0),mae_600_1800,49,-3.665059724700459,,,,,
seed,interaction,(P1S1-P1S0)-(P0S1-P0S0),mae_600_1800,50,2.5156722136156415,,,,,
seed,interaction,(P1S1-P1S0)-(P0S1-P0S0),mae_600_1800,51,-1.0200925630145936,,,,,
seed,interaction,(P1S1-P1S0)-(P0S1-P0S0),mae_600_1800,52,-0.3083829222997676,,,,,
summary,P0_state,P0S1-P0S0,mae_0_1800,mean,-2.9068306366559895,3.6016103399368533,4,-5.3546039864321555,0.3340953429264954,moderate_suggestive
summary,P1_state,P1S1-P1S0,mae_0_1800,mean,-3.6091348634493685,5.249231255491514,4,-7.794570227165442,0.9408037395981322,moderate_suggestive
summary,S0_preprocessing,P1S0-P0S0,mae_0_1800,mean,0.9178886294438904,1.674908242664536,2,-0.12969728001428504,2.450024663476197,descriptive_only
summary,S1_preprocessing,P1S1-P0S1,mae_0_1800,mean,0.21558440265051199,0.442537659814868,2,-0.06744858247746358,0.5997638885867692,descriptive_only
summary,interaction,(P1S1-P1S0)-(P0S1-P0S0),mae_0_1800,mean,-0.7023042267933784,1.8972560766517108,3,-2.359276945949204,0.607739032553699,descriptive_only
