actor_tanh_saturation_fraction,diagnostic_action_clip_fraction,finite_input,physical_action_q01,physical_action_q50,physical_action_q99,physical_clipped_action_mean,profile,raw_action_q01,raw_action_q50,raw_action_q99,raw_deterministic_action_mean,scaled_abs_mean_concentration,scaled_abs_mean_cumulative,scaled_abs_mean_recent,scaled_abs_mean_s0,scope,seed,state,step
0.0,0.002951388888888889,True,0.17715805768966675,1.3028488159179688,1.9026991128921509,1.2788618803024292,P0,0.17715805768966675,1.3028488159179688,1.9026991128921509,1.2785826921463013,0.0,0.0,0.0,0.4600491225719452,final_development,48,S0,524288
0.0,0.010532407407407407,True,0.0,1.335734248161316,1.7567448616027832,1.2706488370895386,P1,-0.012810797430574894,1.335734248161316,1.7567448616027832,1.2689529657363892,0.0,0.0,0.0,0.4141443371772766,final_development,48,S0,524288
0.0,0.022048611111111113,True,0.0,1.2280155420303345,1.9581665992736816,1.1741995811462402,P0,-0.5439725518226624,1.2280155420303345,1.9581665992736816,1.162940502166748,0.0,0.5505574345588684,0.0,0.45339423418045044,final_development,48,S_CUM,524288
0.0,0.01880787037037037,True,0.0,1.1641342639923096,1.8784306049346924,1.1391496658325195,P1,-0.37158000469207764,1.1641342639923096,1.8784306049346924,1.1314167976379395,0.0,0.5426446199417114,0.0,0.4028873145580292,final_development,48,S_CUM,524288
0.0,0.033680555555555554,True,0.0,1.1697077751159668,3.253828763961792,1.181276559829712,P0,-1.0188878774642944,1.1697077751159668,3.253828763961792,1.1567400693893433,0.5339771509170532,0.0,0.0,0.454108864068985,final_development,48,S_CONC,524288
0.0,0.03564814814814815,True,0.0,1.1609725952148438,3.27413272857666,1.1749686002731323,P1,-1.0537314414978027,1.1609725952148438,3.27413272857666,1.1478841304779053,0.5321853160858154,0.0,0.0,0.40717241168022156,final_development,48,S_CONC,524288
0.0,0.03923611111111111,True,0.0,1.1649466753005981,3.3770296573638916,1.1905356645584106,P0,-1.732166051864624,1.1649466753005981,3.3770296573638916,1.1455529928207397,0.5376057028770447,0.5646964907646179,0.0,0.45464804768562317,final_development,48,S_CORE,524288
0.0,0.032233796296296295,True,0.0,1.1867092847824097,3.135488748550415,1.2048733234405518,P1,-0.9571899175643921,1.1867092847824097,3.135488748550415,1.1831210851669312,0.5409120321273804,0.566888153553009,0.0,0.4093632400035858,final_development,48,S_CORE,524288
3.1195746527777775e-05,0.03142361111111111,True,0.0,1.1755211353302002,3.271944284439087,1.1945663690567017,P0,-1.0400359630584717,1.1755211353302002,3.271944284439087,1.1699750423431396,0.5377257466316223,0.563572883605957,0.4718192517757416,0.45456111431121826,final_development,48,S1,524288
3.6168981481481483e-06,0.03275462962962963,True,0.0,1.1791572570800781,3.5377321243286133,1.1969836950302124,P1,-1.3208043575286865,1.1791572570800781,3.5377321243286133,1.1658648252487183,0.5385758280754089,0.5648626089096069,0.47253483533859253,0.4086586833000183,final_development,48,S1,524288
0.0,0.0,True,0.6252237558364868,1.0090199708938599,1.295163631439209,1.0044087171554565,P0,0.6252237558364868,1.0090199708938599,1.295163631439209,1.0044087171554565,0.0,0.0,0.0,0.43761947751045227,final_development,49,S0,524288
0.0,0.0,True,0.2721336781978607,0.8225608468055725,1.1057804822921753,0.8090254068374634,P1,0.2721336781978607,0.8225608468055725,1.1057804822921753,0.8090254068374634,0.0,0.0,0.0,0.3741166293621063,final_development,49,S0,524288
0.0,0.016145833333333335,True,0.0,1.208172082901001,1.8567228317260742,1.1610798835754395,P0,-0.163590207695961,1.208172082901001,1.8567228317260742,1.1574543714523315,0.0,0.5439506769180298,0.0,0.4504127502441406,final_development,49,S_CUM,524288
0.0,0.017881944444444443,True,0.0,1.2154854536056519,1.7677992582321167,1.150124192237854,P1,-0.17438335716724396,1.2154854536056519,1.7677992582321167,1.1461838483810425,0.0,0.5435285568237305,0.0,0.40476179122924805,final_development,49,S_CUM,524288
0.0,0.029861111111111113,True,0.0,1.179018259048462,2.863563299179077,1.18731689453125,P0,-0.694799542427063,1.179018259048462,2.863563299179077,1.1717429161071777,0.5354560017585754,0.0,0.0,0.4544145166873932,final_development,49,S_CONC,524288
0.0,0.030729166666666665,True,0.0,1.1840307712554932,3.1650166511535645,1.1982454061508179,P1,-0.5370329022407532,1.1840307712554932,3.1650166511535645,1.1857914924621582,0.5391920208930969,0.0,0.0,0.40939661860466003,final_development,49,S_CONC,524288
0.0,0.036284722222222225,True,0.0,1.1962077617645264,3.3170204162597656,1.1977070569992065,P0,-1.3071699142456055,1.1962077617645264,3.3170204162597656,1.1653156280517578,0.5387142896652222,0.5646601915359497,0.0,0.4550777077674866,final_development,49,S_CORE,524288
0.0,0.02962962962962963,True,0.0,1.2122174501419067,2.805110454559326,1.2135740518569946,P1,-1.1578350067138672,1.2122174501419067,2.805110454559326,1.187666654586792,0.5415928363800049,0.5641437768936157,0.0,0.4093502163887024,final_development,49,S_CORE,524288
2.7126736111111112e-06,0.030208333333333334,True,0.0,1.180799126625061,2.481175184249878,1.169130802154541,P0,-1.231251835823059,1.180799126625061,2.481175184249878,1.140620470046997,0.530522346496582,0.5549355149269104,0.46455758810043335,0.45262905955314636,final_development,49,S1,524288
0.0,0.026851851851851852,True,0.0,1.1889344453811646,2.4744465351104736,1.1755666732788086,P1,-0.6564955711364746,1.1889344453811646,2.4744465351104736,1.1612130403518677,0.532176673412323,0.55607670545578,0.466422975063324,0.4067704677581787,final_development,49,S1,524288
0.0,0.015393518518518518,True,0.0,1.2506484985351562,2.0052719116210938,1.3364791870117188,P0,-0.08234620094299316,1.2506484985351562,2.0052719116210938,1.3338704109191895,0.0,0.0,0.0,0.46724647283554077,final_development,50,S0,524288
0.0,0.0026041666666666665,True,0.2743491530418396,1.1129522323608398,1.7306263446807861,1.121788740158081,P1,0.2743491530418396,1.1129522323608398,1.7306263446807861,1.1215146780014038,0.0,0.0,0.0,0.4028317630290985,final_development,50,S0,524288
0.0,0.01712962962962963,True,0.0,1.2518311738967896,1.942484736442566,1.1803866624832153,P0,-0.26750484108924866,1.2518311738967896,1.942484736442566,1.1750853061676025,0.0,0.5460658669471741,0.0,0.45132002234458923,final_development,50,S_CUM,524288
0.0,0.008680555555555556,True,0.013251922093331814,1.516082763671875,2.171776294708252,1.4363163709640503,P1,0.013251922093331814,1.516082763671875,2.171776294708252,1.4350465536117554,0.0,0.6029165983200073,0.0,0.430905282497406,final_development,50,S_CUM,524288
0.0,0.036516203703703703,True,0.0,1.159026861190796,3.8828723430633545,1.201136827468872,P0,-1.0828312635421753,1.159026861190796,3.8828723430633545,1.1764148473739624,0.5397148728370667,0.0,0.0,0.45536044239997864,final_development,50,S_CONC,524288
0.0,0.03709490740740741,True,0.0,1.1670310497283936,3.2567386627197266,1.1861798763275146,P1,-1.7946078777313232,1.1670310497283936,3.2567386627197266,1.1450536251068115,0.5355432629585266,0.0,0.0,0.40830686688423157,final_development,50,S_CONC,524288
0.0,0.02476851851851852,True,0.0,1.1751569509506226,2.892819881439209,1.1740390062332153,P0,-0.6875988245010376,1.1751569509506226,2.892819881439209,1.1594290733337402,0.5317518711090088,0.5568102598190308,0.0,0.45296043157577515,final_development,50,S_CORE,524288
9.042245370370371e-07,0.029513888888888888,True,0.0,1.18049156665802,3.2624402046203613,1.2044702768325806,P1,-1.063218355178833,1.18049156665802,3.2624402046203613,1.1813322305679321,0.5397037267684937,0.5642894506454468,0.0,0.4086807072162628,final_development,50,S_CORE,524288
9.042245370370371e-07,0.021643518518518517,True,0.0,0.9075033664703369,1.5006568431854248,0.9188312888145447,P0,-0.3150634169578552,0.9075033664703369,1.5006568431854248,0.9126558899879456,0.45951202511787415,0.4826506972312927,0.3929307162761688,0.43137073516845703,final_development,50,S1,524288
2.2605613425925925e-06,0.02679398148148148,True,0.0,0.8784623742103577,1.4680842161178589,0.897776186466217,P1,-0.7162959575653076,0.8784623742103577,1.4680842161178589,0.882369875907898,0.4530181586742401,0.4760802090167999,0.386827290058136,0.3802467882633209,final_development,50,S1,524288
0.0,0.022858796296296297,True,0.0,1.135646939277649,1.7139989137649536,1.149986982345581,P0,-0.4169553816318512,1.135646939277649,1.7139989137649536,1.1415188312530518,0.0,0.0,0.0,0.45353615283966064,final_development,51,S0,524288
0.0,0.00028935185185185184,True,0.35621100664138794,1.194406509399414,1.7363642454147339,1.218892216682434,P1,0.35621100664138794,1.194406509399414,1.7363642454147339,1.218885064125061,0.0,0.0,0.0,0.4096629023551941,final_development,51,S0,524288
0.0,0.004224537037037037,True,0.133504256606102,1.254762053489685,1.9163635969161987,1.2212368249893188,P0,0.133504256606102,1.254762053489685,1.9163635969161987,1.2208484411239624,0.0,0.5596694350242615,0.0,0.4558570384979248,final_development,51,S_CUM,524288
0.0,0.0013310185185185185,True,0.2969841957092285,1.2522679567337036,1.9252142906188965,1.2354921102523804,P1,0.2969841957092285,1.2522679567337036,1.9252142906188965,1.23536217212677,0.0,0.5620124340057373,0.0,0.41005295515060425,final_development,51,S_CUM,524288
1.3563368055555555e-05,0.028703703703703703,True,0.0,1.1723721027374268,2.725494384765625,1.1826967000961304,P0,-0.5271711945533752,1.1723721027374268,2.725494384765625,1.170680284500122,0.5336756110191345,0.0,0.0,0.4539593756198883,final_development,51,S_CONC,524288
0.0,0.03142361111111111,True,0.0,1.1909637451171875,2.848858594894409,1.191839575767517,P1,-0.7428226470947266,1.1909637451171875,2.848858594894409,1.1733211278915405,0.5360721349716187,0.0,0.0,0.4082701504230499,final_development,51,S_CONC,524288
0.0,0.01724537037037037,True,0.0,1.0965313911437988,1.7444771528244019,1.0688426494598389,P0,-0.23089194297790527,1.0965313911437988,1.7444771528244019,1.0635056495666504,0.49922147393226624,0.5187956690788269,0.0,0.4424878656864166,final_development,51,S_CORE,524288
0.0,0.03605324074074074,True,0.0,1.1843763589859009,3.6099441051483154,1.213780164718628,P1,-1.2700443267822266,1.1843763589859009,3.6099441051483154,1.1824756860733032,0.5433303117752075,0.569892168045044,0.0,0.41015625,final_development,51,S_CORE,524288
5.4253472222222224e-06,0.030729166666666665,True,0.0,1.2014338970184326,2.9743125438690186,1.1964361667633057,P0,-1.1665793657302856,1.2014338970184326,2.9743125438690186,1.169442892074585,0.537932813167572,0.5619643926620483,0.4723565876483917,0.4543730318546295,final_development,51,S1,524288
0.0,0.03234953703703704,True,0.0,1.176581621170044,2.7695631980895996,1.176559329032898,P1,-1.2859357595443726,1.176581621170044,2.7695631980895996,1.1455717086791992,0.5332315564155579,0.5592798590660095,0.46678486466407776,0.4070400595664978,final_development,51,S1,524288
0.0,0.00474537037037037,True,0.12496813386678696,1.200859785079956,1.8846921920776367,1.2443124055862427,P0,0.12496813386678696,1.200859785079956,1.8846921920776367,1.2437137365341187,0.0,0.0,0.0,0.45912739634513855,final_development,52,S0,524288
0.0,0.0005208333333333333,True,0.46539217233657837,1.3157525062561035,1.7647974491119385,1.2645916938781738,P1,0.46539217233657837,1.3157525062561035,1.7647974491119385,1.2645633220672607,0.0,0.0,0.0,0.41396796703338623,final_development,52,S0,524288
0.0,0.023148148148148147,True,0.0,1.2624186277389526,2.058483362197876,1.223093867301941,P0,-0.5197685956954956,1.2624186277389526,2.058483362197876,1.2117518186569214,0.0,0.5608535408973694,0.0,0.4553736448287964,final_development,52,S_CUM,524288
0.0,0.0023148148148148147,True,0.2140892893075943,1.181411862373352,1.786133885383606,1.1319020986557007,P1,0.2140892893075943,1.181411862373352,1.786133885383606,1.1317088603973389,0.0,0.5413731336593628,0.0,0.4030182361602783,final_development,52,S_CUM,524288
0.0,0.030497685185185187,True,0.0,1.1823261976242065,2.9423956871032715,1.1963980197906494,P0,-0.6249035000801086,1.1823261976242065,2.9423956871032715,1.1813009977340698,0.5369872450828552,0.0,0.0,0.45486292243003845,final_development,52,S_CONC,524288
0.0,0.03391203703703704,True,0.0,1.1626369953155518,3.2582826614379883,1.1800439357757568,P1,-0.8003342747688293,1.1626369953155518,3.2582826614379883,1.160217046737671,0.5336156487464905,0.0,0.0,0.4079156816005707,final_development,52,S_CONC,524288
0.0,0.036284722222222225,True,0.0,1.1912872791290283,3.3508684635162354,1.2173911333084106,P0,-1.4744601249694824,1.1912872791290283,3.3508684635162354,1.1815669536590576,0.54448401927948,0.5708193778991699,0.0,0.4566093385219574,final_development,52,S_CORE,524288
0.0,0.03252314814814815,True,0.0,1.1635717153549194,3.0686452388763428,1.1745647192001343,P1,-1.0551824569702148,1.1635717153549194,3.0686452388763428,1.1491607427597046,0.5327242016792297,0.5592015981674194,0.0,0.4069499671459198,final_development,52,S_CORE,524288
0.0,0.03304398148148148,True,0.0,1.1588387489318848,2.9972949028015137,1.1746336221694946,P0,-1.1428111791610718,1.1588387489318848,2.9972949028015137,1.1470414400100708,0.5327193737030029,0.5595360994338989,0.4662439525127411,0.45341867208480835,final_development,52,S1,524288
0.0,0.030381944444444444,True,0.0,1.2034517526626587,2.8064379692077637,1.2046642303466797,P1,-1.1359905004501343,1.2034517526626587,2.8064379692077637,1.1776880025863647,0.5394155979156494,0.5627152323722839,0.47464922070503235,0.4088343381881714,final_development,52,S1,524288
0.0,0.021527777777777778,True,0.0,1.3229093551635742,2.513495683670044,1.3780654668807983,P0,-0.6185656785964966,1.3229093551635742,2.513495683670044,1.3652231693267822,0.0,0.0,0.0,0.48298993706703186,checkpoint_train_diagnostic,48,S0,131072
0.0,0.00034722222222222224,True,0.29543623328208923,1.26215398311615,2.6077020168304443,1.37863028049469,P1,0.29543623328208923,1.26215398311615,2.6077020168304443,1.378563404083252,0.0,0.0,0.0,0.45430150628089905,checkpoint_train_diagnostic,48,S0,131072
0.0,0.028993055555555557,True,0.0,1.1475989818572998,2.2610979080200195,1.1274385452270508,P0,-0.9989666938781738,1.1475989818572998,2.2610979080200195,1.1041985750198364,0.0,0.5357651710510254,0.0,0.4625883996486664,checkpoint_train_diagnostic,48,S_CUM,131072
0.0,0.005729166666666666,True,0.16828159987926483,1.0832793712615967,2.0684235095977783,1.1174155473709106,P1,0.16828159987926483,1.0832793712615967,2.0684235095977783,1.1161808967590332,0.0,0.5362156629562378,0.0,0.428928405046463,checkpoint_train_diagnostic,48,S_CUM,131072
2.8483072916666667e-05,0.04201388888888889,True,0.0,1.2109885215759277,3.6606292724609375,1.2257747650146484,P0,-1.548750877380371,1.2109885215759277,3.6606292724609375,1.18413245677948,0.5470762252807617,0.0,0.0,0.4698641002178192,checkpoint_train_diagnostic,48,S_CONC,131072
0.0,0.03732638888888889,True,0.0,1.1962637901306152,3.583056688308716,1.2038476467132568,P1,-1.3702170848846436,1.1962637901306152,3.583056688308716,1.1678824424743652,0.5412629246711731,0.0,0.0,0.4358985722064972,checkpoint_train_diagnostic,48,S_CONC,131072
7.188585069444445e-05,0.034027777777777775,True,0.0,1.2356315851211548,3.5779623985290527,1.2234798669815063,P0,-1.3476831912994385,1.2356315851211548,3.5779623985290527,1.1903291940689087,0.5479975938796997,0.5592569708824158,0.0,0.4688473343849182,checkpoint_train_diagnostic,48,S_CORE,131072
0.0,0.03333333333333333,True,0.0,1.2213714122772217,3.3768107891082764,1.2074151039123535,P1,-1.2089306116104126,1.2213714122772217,3.3768107891082764,1.1760989427566528,0.5434889197349548,0.5553004145622253,0.0,0.4360599219799042,checkpoint_train_diagnostic,48,S_CORE,131072
7.731119791666666e-05,0.0375,True,0.0,1.2067769765853882,3.2699472904205322,1.193437933921814,P0,-2.0279288291931152,1.2067769765853882,3.2699472904205322,1.142661213874817,0.5401727557182312,0.5526319146156311,0.4855026304721832,0.4666372537612915,checkpoint_train_diagnostic,48,S1,131072
1.763237847222222e-05,0.030208333333333334,True,0.0,1.229635238647461,3.3878681659698486,1.2197787761688232,P1,-1.1990376710891724,1.229635238647461,3.3878681659698486,1.1908925771713257,0.5470739006996155,0.5583934187889099,0.49303776025772095,0.43668755888938904,checkpoint_train_diagnostic,48,S1,131072
0.0,0.00798611111111111,True,0.07771210372447968,0.8594722747802734,2.6499991416931152,0.9475977420806885,P0,0.07771210372447968,0.8594722747802734,2.6499991416931152,0.9461159706115723,0.0,0.0,0.0,0.4427531659603119,checkpoint_train_diagnostic,49,S0,131072
0.0,0.0012152777777777778,True,0.34325355291366577,0.7252745628356934,1.118606686592102,0.7443540692329407,P1,0.34325355291366577,0.7252745628356934,1.118606686592102,0.7443071007728577,0.0,0.0,0.0,0.3977821171283722,checkpoint_train_diagnostic,49,S0,131072
0.0,0.02829861111111111,True,0.0,1.0971052646636963,2.298596143722534,1.0944499969482422,P0,-0.9002741575241089,1.0971052646636963,2.298596143722534,1.0735501050949097,0.0,0.5320828557014465,0.0,0.46054017543792725,checkpoint_train_diagnostic,49,S_CUM,131072
0.0,0.016493055555555556,True,0.0,1.0757712125778198,2.237908124923706,1.0819581747055054,P1,-0.20695173740386963,1.0757712125778198,2.237908124923706,1.0764968395233154,0.0,0.5299786329269409,0.0,0.4280833899974823,checkpoint_train_diagnostic,49,S_CUM,131072
1.6276041666666666e-05,0.03576388888888889,True,0.0,1.2148776054382324,3.1696979999542236,1.2255828380584717,P0,-0.8693816065788269,1.2148776054382324,3.1696979999542236,1.2038097381591797,0.5471142530441284,0.0,0.0,0.46970701217651367,checkpoint_train_diagnostic,49,S_CONC,131072
0.0,0.03767361111111111,True,0.0,1.2356438636779785,3.0320098400115967,1.237618327140808,P1,-1.1069058179855347,1.2356438636779785,3.0320098400115967,1.2082127332687378,0.5503501892089844,0.0,0.0,0.4394586980342865,checkpoint_train_diagnostic,49,S_CONC,131072
0.00013292100694444443,0.0375,True,0.0,1.2092089653015137,3.8252346515655518,1.2190866470336914,P0,-1.7087551355361938,1.2092089653015137,3.8252346515655518,1.1748013496398926,0.5472548007965088,0.5606561303138733,0.0,0.4685830771923065,checkpoint_train_diagnostic,49,S_CORE,131072
0.0,0.035243055555555555,True,0.0,1.195487141609192,3.5279173851013184,1.1989306211471558,P1,-1.5313715934753418,1.195487141609192,3.5279173851013184,1.1593077182769775,0.5425450205802917,0.5566955804824829,0.0,0.4357285797595978,checkpoint_train_diagnostic,49,S_CORE,131072
0.0,0.0171875,True,0.0,1.0260210037231445,1.8896480798721313,1.018815040588379,P0,-0.1943950653076172,1.0260210037231445,1.8896480798721313,1.0131134986877441,0.4938606321811676,0.5064287185668945,0.43579134345054626,0.4523525536060333,checkpoint_train_diagnostic,49,S1,131072
0.0,0.022916666666666665,True,0.0,1.0511149168014526,1.733299970626831,1.0257494449615479,P1,-0.4728100597858429,1.0511149168014526,1.733299970626831,1.0143473148345947,0.49485620856285095,0.5055049657821655,0.43764904141426086,0.4198899567127228,checkpoint_train_diagnostic,49,S1,131072
0.0,0.007118055555555555,True,0.11305283010005951,1.10283362865448,1.79204523563385,1.0542387962341309,P0,0.11305283010005951,1.10283362865448,1.79204523563385,1.0528534650802612,0.0,0.0,0.0,0.45400646328926086,checkpoint_train_diagnostic,50,S0,131072
0.0,0.0006944444444444445,True,0.570967972278595,0.9508179426193237,1.8610001802444458,1.0059654712677002,P1,0.570967972278595,0.9508179426193237,1.8610001802444458,1.0058811902999878,0.0,0.0,0.0,0.41312655806541443,checkpoint_train_diagnostic,50,S0,131072
0.0,0.018055555555555554,True,0.0,1.1616253852844238,2.0191140174865723,1.1533761024475098,P0,-0.4133703410625458,1.1616253852844238,2.0191140174865723,1.144552230834961,0.0,0.5406333208084106,0.0,0.463907927274704,checkpoint_train_diagnostic,50,S_CUM,131072
0.0,0.016319444444444445,True,0.0,1.1305994987487793,2.0705389976501465,1.1375924348831177,P1,-0.3632579743862152,1.1305994987487793,2.0705389976501465,1.129229187965393,0.0,0.5378309488296509,0.0,0.43062373995780945,checkpoint_train_diagnostic,50,S_CUM,131072
4.8828125e-05,0.03263888888888889,True,0.0,1.1880011558532715,3.3949623107910156,1.203240990638733,P0,-0.7202146649360657,1.1880011558532715,3.3949623107910156,1.185117244720459,0.5417729020118713,0.0,0.0,0.46835681796073914,checkpoint_train_diagnostic,50,S_CONC,131072
0.0,0.04131944444444444,True,0.0,1.2000843286514282,3.507554769515991,1.1837892532348633,P1,-1.760084867477417,1.2000843286514282,3.507554769515991,1.1385068893432617,0.5368949174880981,0.0,0.0,0.43511077761650085,checkpoint_train_diagnostic,50,S_CONC,131072
9.087456597222222e-05,0.03854166666666667,True,0.0,1.231821060180664,3.7887277603149414,1.245896339416504,P0,-1.029074788093567,1.231821060180664,3.7887277603149414,1.218285322189331,0.5533374547958374,0.5662415623664856,0.0,0.4707793891429901,checkpoint_train_diagnostic,50,S_CORE,131072
0.0,0.036284722222222225,True,0.0,1.1863876581192017,3.751917839050293,1.1946358680725098,P1,-1.1341522932052612,1.1863876581192017,3.751917839050293,1.163766860961914,0.5407147407531738,0.5549782514572144,0.0,0.43584105372428894,checkpoint_train_diagnostic,50,S_CORE,131072
0.0,0.02378472222222222,True,0.0,0.8577030897140503,2.3536736965179443,0.9359303116798401,P0,-0.6700170040130615,0.8577030897140503,2.3536736965179443,0.9212292432785034,0.46919822692871094,0.48093605041503906,0.41191017627716064,0.4429628849029541,checkpoint_train_diagnostic,50,S1,131072
0.0,0.02309027777777778,True,0.0,0.8594580888748169,1.912234902381897,0.9258620142936707,P1,-0.5275469422340393,0.8594580888748169,1.912234902381897,0.9144812822341919,0.4663200378417969,0.47771120071411133,0.4090600609779358,0.40822291374206543,checkpoint_train_diagnostic,50,S1,131072
0.0,0.028125,True,0.0,1.276702642440796,2.3519692420959473,1.2465643882751465,P0,-1.0354230403900146,1.276702642440796,2.3519692420959473,1.2220045328140259,0.0,0.0,0.0,0.47267094254493713,checkpoint_train_diagnostic,51,S0,131072
0.0,0.0125,True,0.0,1.2646870613098145,2.16202974319458,1.2432081699371338,P1,-0.0723307803273201,1.2646870613098145,2.16202974319458,1.2397128343582153,0.0,0.0,0.0,0.4405406713485718,checkpoint_train_diagnostic,51,S0,131072
0.0,0.006597222222222222,True,0.162160262465477,0.8129980564117432,2.343999147415161,0.883770763874054,P0,0.162160262465477,0.8129980564117432,2.343999147415161,0.8826363682746887,0.0,0.4695221781730652,0.0,0.438697874546051,checkpoint_train_diagnostic,51,S_CUM,131072
0.0,0.0,True,0.5716207027435303,0.9174585342407227,1.6054455041885376,0.9300569295883179,P1,0.5716207027435303,0.9174585342407227,1.6054455041885376,0.9300569295883179,0.0,0.4743380546569824,0.0,0.4088403582572937,checkpoint_train_diagnostic,51,S_CUM,131072
0.0,0.016145833333333335,True,0.0,1.0236659049987793,1.962409257888794,1.0403424501419067,P0,-0.42256906628608704,1.0236659049987793,1.962409257888794,1.0310899019241333,0.4954816997051239,0.0,0.0,0.45171648263931274,checkpoint_train_diagnostic,51,S_CONC,131072
0.0,0.009548611111111112,True,0.011391622014343739,1.2488086223602295,1.6794440746307373,1.1154078245162964,P1,0.011391622014343739,1.2488086223602295,1.6794440746307373,1.1120198965072632,0.514904797077179,0.0,0.0,0.42740702629089355,checkpoint_train_diagnostic,51,S_CONC,131072
0.0,0.01875,True,0.0,0.8383166193962097,2.340367078781128,0.9228591322898865,P0,-0.569685161113739,0.8383166193962097,2.340367078781128,0.9106134176254272,0.46567943692207336,0.47758156061172485,0.0,0.44251489639282227,checkpoint_train_diagnostic,51,S_CORE,131072
0.0,0.03697916666666667,True,0.0,1.1700228452682495,3.3497812747955322,1.1694061756134033,P1,-2.167517900466919,1.1700228452682495,3.3497812747955322,1.1147016286849976,0.5355694890022278,0.5501039028167725,0.0,0.4335334300994873,checkpoint_train_diagnostic,51,S_CORE,131072
4.204644097222222e-05,0.03680555555555556,True,0.0,1.2042677402496338,3.5224697589874268,1.221022129058838,P0,-1.5730537176132202,1.2042677402496338,3.5224697589874268,1.181232213973999,0.546972930431366,0.5599231123924255,0.4933459758758545,0.4686545729637146,checkpoint_train_diagnostic,51,S1,131072
0.0,0.03680555555555556,True,0.0,1.198068380355835,3.5985968112945557,1.2205815315246582,P1,-1.4041115045547485,1.198068380355835,3.5985968112945557,1.1855340003967285,0.5469496250152588,0.5608198642730713,0.49321448802948,0.4370117485523224,checkpoint_train_diagnostic,51,S1,131072
0.0,0.00625,True,0.14699973165988922,0.7191492319107056,2.2033870220184326,0.748714804649353,P0,0.14699973165988922,0.7191492319107056,2.2033870220184326,0.7473919987678528,0.0,0.0,0.0,0.4287761151790619,checkpoint_train_diagnostic,52,S0,131072
0.0,0.0010416666666666667,True,0.36143508553504944,0.8964900374412537,1.7722415924072266,1.0299805402755737,P1,0.36143508553504944,0.8964900374412537,1.7722415924072266,1.0298124551773071,0.0,0.0,0.0,0.4254605174064636,checkpoint_train_diagnostic,52,S0,131072
0.0,0.022048611111111113,True,0.0,1.1993112564086914,2.2583162784576416,1.1799302101135254,P0,-0.524141252040863,1.1993112564086914,2.2583162784576416,1.1682041883468628,0.0,0.5460299253463745,0.0,0.46526914834976196,checkpoint_train_diagnostic,52,S_CUM,131072
0.0,0.015277777777777777,True,0.0,1.1356558799743652,2.2996909618377686,1.1278506517410278,P1,-0.22079768776893616,1.1356558799743652,2.2996909618377686,1.1211258172988892,0.0,0.5385252237319946,0.0,0.4305190145969391,checkpoint_train_diagnostic,52,S_CUM,131072
9.494357638888889e-05,0.03993055555555555,True,0.0,1.2657837867736816,3.3848698139190674,1.2605671882629395,P0,-0.9631689786911011,1.2657837867736816,3.3848698139190674,1.2339810132980347,0.5553026795387268,0.0,0.0,0.4714728593826294,checkpoint_train_diagnostic,52,S_CONC,131072
0.0,0.04201388888888889,True,0.0,1.2220091819763184,3.2943966388702393,1.207064151763916,P1,-1.0583723783493042,1.2220091819763184,3.2943966388702393,1.1781010627746582,0.5426156520843506,0.0,0.0,0.437392920255661,checkpoint_train_diagnostic,52,S_CONC,131072
4.204644097222222e-05,0.03229166666666667,True,0.0,1.2207951545715332,3.7393639087677,1.2312203645706177,P0,-1.3914692401885986,1.2207951545715332,3.7393639087677,1.1980421543121338,0.5502406358718872,0.5628998875617981,0.0,0.46944987773895264,checkpoint_train_diagnostic,52,S_CORE,131072
0.0,0.03315972222222222,True,0.0,1.2035198211669922,3.347764253616333,1.2200819253921509,P1,-1.4266234636306763,1.2035198211669922,3.347764253616333,1.1860462427139282,0.5471897721290588,0.5602025389671326,0.0,0.4371373653411865,checkpoint_train_diagnostic,52,S_CORE,131072
0.00011935763888888888,0.03923611111111111,True,0.0,1.2065231800079346,4.129544258117676,1.221125841140747,P0,-2.057257890701294,1.2065231800079346,4.129544258117676,1.1674549579620361,0.5474101305007935,0.560282826423645,0.49335747957229614,0.4682769179344177,checkpoint_train_diagnostic,52,S1,131072
0.0,0.03715277777777778,True,0.0,1.2058703899383545,4.170690059661865,1.220472812652588,P1,-1.988195538520813,1.2058703899383545,4.170690059661865,1.170609951019287,0.5472823977470398,0.5602631568908691,0.49314039945602417,0.4365576207637787,checkpoint_train_diagnostic,52,S1,131072
0.0,0.02013888888888889,True,0.0,1.2293037176132202,1.848323106765747,1.2036709785461426,P0,-0.31790703535079956,1.2293037176132202,1.848323106765747,1.1962579488754272,0.0,0.0,0.0,0.4692968428134918,checkpoint_train_diagnostic,48,S0,262144
0.0,0.002777777777777778,True,0.22371861338615417,1.2000343799591064,1.8222628831863403,1.2449525594711304,P1,0.22371861338615417,1.2000343799591064,1.8222628831863403,1.2445449829101562,0.0,0.0,0.0,0.43930163979530334,checkpoint_train_diagnostic,48,S0,262144
0.0,0.02673611111111111,True,0.0,1.2070286273956299,2.1488165855407715,1.175309658050537,P0,-0.7160727977752686,1.2070286273956299,2.1488165855407715,1.1585654020309448,0.0,0.5424025654792786,0.0,0.4640760123729706,checkpoint_train_diagnostic,48,S_CUM,262144
0.0,0.001736111111111111,True,0.267069011926651,1.1622400283813477,1.9628082513809204,1.1605236530303955,P1,0.267069011926651,1.1622400283813477,1.9628082513809204,1.1600348949432373,0.0,0.5404609441757202,0.0,0.4316137433052063,checkpoint_train_diagnostic,48,S_CUM,262144
0.0,0.04461805555555556,True,0.0,1.188063621520996,3.8904342651367188,1.2134584188461304,P0,-1.5535072088241577,1.188063621520996,3.8904342651367188,1.1686853170394897,0.5444620847702026,0.0,0.0,0.4690937101840973,checkpoint_train_diagnostic,48,S_CONC,262144
0.0,0.0421875,True,0.0,1.1973191499710083,3.7740511894226074,1.2132668495178223,P1,-1.6270973682403564,1.1973191499710083,3.7740511894226074,1.1670235395431519,0.5445000529289246,0.0,0.0,0.4375591278076172,checkpoint_train_diagnostic,48,S_CONC,262144
0.0,0.04010416666666667,True,0.0,1.2060678005218506,3.650759696960449,1.2094671726226807,P0,-1.9363707304000854,1.2060678005218506,3.650759696960449,1.1568608283996582,0.5446416139602661,0.5585809350013733,0.0,0.4685087203979492,checkpoint_train_diagnostic,48,S_CORE,262144
0.0,0.03975694444444444,True,0.0,1.1922078132629395,3.8841872215270996,1.2137949466705322,P1,-1.4131360054016113,1.1922078132629395,3.8841872215270996,1.1741694211959839,0.5458536744117737,0.5605481266975403,0.0,0.4372924268245697,checkpoint_train_diagnostic,48,S_CORE,262144
7.459852430555556e-05,0.035590277777777776,True,0.0,1.1951898336410522,3.3754711151123047,1.2114088535308838,P0,-1.4528852701187134,1.1951898336410522,3.3754711151123047,1.1762381792068481,0.5451850295066833,0.5593897700309753,0.4907010495662689,0.4683704972267151,checkpoint_train_diagnostic,48,S1,262144
9.494357638888889e-06,0.03923611111111111,True,0.0,1.1867563724517822,4.130900859832764,1.2012078762054443,P1,-2.0045294761657715,1.1867563724517822,4.130900859832764,1.1480352878570557,0.5426928997039795,0.5579671859741211,0.4877997636795044,0.4362773001194,checkpoint_train_diagnostic,48,S1,262144
0.0,0.0,True,0.5029150247573853,0.7433451414108276,1.42214035987854,0.7846810221672058,P0,0.5029150247573853,0.7433451414108276,1.42214035987854,0.7846810221672058,0.0,0.0,0.0,0.4357699453830719,checkpoint_train_diagnostic,49,S0,262144
0.0,0.0,True,0.5768920183181763,0.7459609508514404,1.1206647157669067,0.7775329351425171,P1,0.5768920183181763,0.7459609508514404,1.1206647157669067,0.7775329351425171,0.0,0.0,0.0,0.3991262912750244,checkpoint_train_diagnostic,49,S0,262144
0.0,0.02361111111111111,True,0.0,1.176971197128296,2.065899610519409,1.1309581995010376,P0,-0.6474944949150085,1.176971197128296,2.065899610519409,1.1169484853744507,0.0,0.5340079665184021,0.0,0.46245068311691284,checkpoint_train_diagnostic,49,S_CUM,262144
0.0,0.019618055555555555,True,0.0,1.2120648622512817,1.964517593383789,1.164420247077942,P1,-0.41622209548950195,1.2120648622512817,1.964517593383789,1.1544158458709717,0.0,0.5371245741844177,0.0,0.4319484233856201,checkpoint_train_diagnostic,49,S_CUM,262144
0.0,0.04097222222222222,True,0.0,1.206695556640625,3.2576980590820312,1.2185834646224976,P0,-1.626760721206665,1.206695556640625,3.2576980590820312,1.1744422912597656,0.5455048680305481,0.0,0.0,0.4687652289867401,checkpoint_train_diagnostic,49,S_CONC,262144
0.0,0.034375,True,0.0,1.1962655782699585,3.17222261428833,1.215622067451477,P1,-1.3651033639907837,1.1962655782699585,3.17222261428833,1.182049036026001,0.5444430708885193,0.0,0.0,0.4368641972541809,checkpoint_train_diagnostic,49,S_CONC,262144
1.0850694444444445e-05,0.040625,True,0.0,1.1983062028884888,3.6209604740142822,1.2104672193527222,P0,-2.3030920028686523,1.1983062028884888,3.6209604740142822,1.1488511562347412,0.5444753766059875,0.557846188545227,0.0,0.46794378757476807,checkpoint_train_diagnostic,49,S_CORE,262144
0.0,0.03611111111111111,True,0.0,1.2088152170181274,3.376338481903076,1.2174639701843262,P1,-1.847934603691101,1.2088152170181274,3.376338481903076,1.1705377101898193,0.5453768968582153,0.5571666955947876,0.0,0.43668508529663086,checkpoint_train_diagnostic,49,S_CORE,262144
0.0,0.029166666666666667,True,0.0,1.2172424793243408,2.067481517791748,1.1707870960235596,P0,-0.7175493836402893,1.2172424793243408,2.067481517791748,1.153538465499878,0.5331112146377563,0.5410637855529785,0.4790276288986206,0.4641653299331665,checkpoint_train_diagnostic,49,S1,262144
0.0002875434027777778,0.029861111111111113,True,0.0,1.2159881591796875,2.409817934036255,1.2042196989059448,P1,-1.3077458143234253,1.2159881591796875,2.409817934036255,1.1748826503753662,0.541918158531189,0.5517441034317017,0.48845916986465454,0.4351290464401245,checkpoint_train_diagnostic,49,S1,262144
0.0,0.008854166666666666,True,0.046849414706230164,1.2838435173034668,2.0051827430725098,1.2028909921646118,P0,0.046849414706230164,1.2838435173034668,2.0051827430725098,1.2010536193847656,0.0,0.0,0.0,0.4669947326183319,checkpoint_train_diagnostic,50,S0,262144
0.0,0.0005208333333333333,True,0.37000373005867004,1.1686214208602905,1.66360342502594,1.1487165689468384,P1,0.37000373005867004,1.1686214208602905,1.66360342502594,1.1486914157867432,0.0,0.0,0.0,0.43098652362823486,checkpoint_train_diagnostic,50,S0,262144
0.0,0.016840277777777777,True,0.0,1.2484400272369385,2.089873790740967,1.2038190364837646,P0,-0.2847284972667694,1.2484400272369385,2.089873790740967,1.1975468397140503,0.0,0.5433443784713745,0.0,0.46519842743873596,checkpoint_train_diagnostic,50,S_CUM,262144
0.0,0.019097222222222224,True,0.0,1.2120347023010254,1.9504812955856323,1.1679365634918213,P1,-0.4368436932563782,1.2120347023010254,1.9504812955856323,1.158443570137024,0.0,0.5382125973701477,0.0,0.431672066450119,checkpoint_train_diagnostic,50,S_CUM,262144
2.0345052083333332e-05,0.04045138888888889,True,0.0,1.2097976207733154,3.7275288105010986,1.2177585363388062,P0,-1.4099615812301636,1.2097976207733154,3.7275288105010986,1.1796633005142212,0.5455178618431091,0.0,0.0,0.4688277244567871,checkpoint_train_diagnostic,50,S_CONC,262144
0.0,0.04236111111111111,True,0.0,1.1827678680419922,3.5768215656280518,1.1969256401062012,P1,-2.0886075496673584,1.1827678680419922,3.5768215656280518,1.1430293321609497,0.5403572916984558,0.0,0.0,0.43593108654022217,checkpoint_train_diagnostic,50,S_CONC,262144
0.0,0.03350694444444444,True,0.0,1.2019048929214478,3.2106382846832275,1.2029539346694946,P0,-1.511204481124878,1.2019048929214478,3.2106382846832275,1.1666300296783447,0.541994035243988,0.5540537238121033,0.0,0.4673489034175873,checkpoint_train_diagnostic,50,S_CORE,262144
0.0,0.03697916666666667,True,0.0,1.2025165557861328,3.19840407371521,1.2065010070800781,P1,-1.699480414390564,1.2025165557861328,3.19840407371521,1.1629414558410645,0.5432913899421692,0.5558639168739319,0.0,0.4360913932323456,checkpoint_train_diagnostic,50,S_CORE,262144
0.0,0.030381944444444444,True,0.0,0.8699992895126343,2.1665921211242676,0.9292581081390381,P0,-0.8200230002403259,0.8699992895126343,2.1665921211242676,0.9112406373023987,0.46730202436447144,0.4793906807899475,0.4100502133369446,0.4424862861633301,checkpoint_train_diagnostic,50,S1,262144
0.0,0.02378472222222222,True,0.0,0.8390138149261475,1.7631745338439941,0.8676233887672424,P1,-0.665549099445343,0.8390138149261475,1.7631745338439941,0.8534365892410278,0.4517196714878082,0.4657895267009735,0.3926113545894623,0.40394753217697144,checkpoint_train_diagnostic,50,S1,262144
0.0,0.027604166666666666,True,0.0,1.2566890716552734,1.965315341949463,1.2424876689910889,P0,-0.8240844011306763,1.2566890716552734,1.965315341949463,1.2226850986480713,0.0,0.0,0.0,0.4723653197288513,checkpoint_train_diagnostic,51,S0,262144
0.0,0.006944444444444444,True,0.1542683094739914,1.2232787609100342,1.6707017421722412,1.1813198328018188,P1,0.1542683094739914,1.2232787609100342,1.6707017421722412,1.17988920211792,0.0,0.0,0.0,0.4331507384777069,checkpoint_train_diagnostic,51,S0,262144
0.0,0.014756944444444444,True,0.0,1.199117660522461,2.0910685062408447,1.1708780527114868,P0,-0.203932523727417,1.199117660522461,2.0910685062408447,1.1654613018035889,0.0,0.5421257615089417,0.0,0.4643406271934509,checkpoint_train_diagnostic,51,S_CUM,262144
0.0,0.0024305555555555556,True,0.3532150685787201,1.1756463050842285,1.868791103363037,1.1853480339050293,P1,0.3532150685787201,1.1756463050842285,1.868791103363037,1.1850117444992065,0.0,0.5460572242736816,0.0,0.43316155672073364,checkpoint_train_diagnostic,51,S_CUM,262144
0.0,0.030555555555555555,True,0.0,1.2392544746398926,2.551132917404175,1.2173758745193481,P0,-0.7022567391395569,1.2392544746398926,2.551132917404175,1.2009618282318115,0.543572723865509,0.0,0.0,0.46844610571861267,checkpoint_train_diagnostic,51,S_CONC,262144
0.0,0.029513888888888888,True,0.0,1.186388611793518,2.862821578979492,1.1847059726715088,P1,-0.5013742446899414,1.186388611793518,2.862821578979492,1.1726107597351074,0.5372162461280823,0.0,0.0,0.43540146946907043,checkpoint_train_diagnostic,51,S_CONC,262144
0.0,0.22065972222222222,True,0.0,1.0321669578552246,2.5906355381011963,1.059732437133789,P0,-0.8276471495628357,1.0321669578552246,2.5906355381011963,0.9984492063522339,0.5031702518463135,0.5137365460395813,0.0,0.4548712372779846,checkpoint_train_diagnostic,51,S_CORE,262144
0.0,0.033854166666666664,True,0.0,1.2291454076766968,3.416171073913574,1.2292487621307373,P1,-1.8304299116134644,1.2291454076766968,3.416171073913574,1.1850998401641846,0.5481656193733215,0.5580006837844849,0.0,0.4368700087070465,checkpoint_train_diagnostic,51,S_CORE,262144
8.138020833333333e-06,0.0375,True,0.0,1.2181944847106934,4.029499053955078,1.2431005239486694,P0,-1.95877206325531,1.2181944847106934,4.029499053955078,1.1937007904052734,0.5523754954338074,0.565093994140625,0.49952155351638794,0.47033023834228516,checkpoint_train_diagnostic,51,S1,262144
0.0,0.03576388888888889,True,0.0,1.1956814527511597,3.336508274078369,1.1891071796417236,P1,-1.9609664678573608,1.1956814527511597,3.336508274078369,1.1405465602874756,0.5392246246337891,0.5529741644859314,0.4842933714389801,0.4349822402000427,checkpoint_train_diagnostic,51,S1,262144
0.0,0.00034722222222222224,True,0.3136090934276581,1.0022224187850952,1.8833327293395996,0.9696994423866272,P0,0.3136090934276581,1.0022224187850952,1.8833327293395996,0.9696741700172424,0.0,0.0,0.0,0.4479596018791199,checkpoint_train_diagnostic,52,S0,262144
0.0,0.0006944444444444445,True,0.34216684103012085,1.1124666929244995,1.7585268020629883,1.1496636867523193,P1,0.34216684103012085,1.1124666929244995,1.7585268020629883,1.149606466293335,0.0,0.0,0.0,0.4320409893989563,checkpoint_train_diagnostic,52,S0,262144
0.0,0.027083333333333334,True,0.0,1.2373738288879395,2.0220534801483154,1.1670806407928467,P0,-1.0313670635223389,1.2373738288879395,2.0220534801483154,1.1436752080917358,0.0,0.5379605889320374,0.0,0.4638146162033081,checkpoint_train_diagnostic,52,S_CUM,262144
0.0,0.018229166666666668,True,0.0,1.1863617897033691,1.9650144577026367,1.159447431564331,P1,-0.3200700581073761,1.1863617897033691,1.9650144577026367,1.1514315605163574,0.0,0.5370792150497437,0.0,0.43225982785224915,checkpoint_train_diagnostic,52,S_CUM,262144
0.0,0.04045138888888889,True,0.0,1.1957582235336304,3.3959271907806396,1.2085580825805664,P0,-0.9454603791236877,1.1957582235336304,3.3959271907806396,1.1822890043258667,0.5438467860221863,0.0,0.0,0.4688393473625183,checkpoint_train_diagnostic,52,S_CONC,262144
0.0,0.03836805555555556,True,0.0,1.209275484085083,3.5609960556030273,1.2351545095443726,P1,-1.183432698249817,1.209275484085083,3.5609960556030273,1.2048914432525635,0.5497137904167175,0.0,0.0,0.4384305775165558,checkpoint_train_diagnostic,52,S_CONC,262144
0.0,0.03420138888888889,True,0.0,1.2113463878631592,3.7322795391082764,1.2211833000183105,P0,-1.3297221660614014,1.2113463878631592,3.7322795391082764,1.1886640787124634,0.5474353432655334,0.5601080060005188,0.0,0.4684048593044281,checkpoint_train_diagnostic,52,S_CORE,262144
0.0,0.03420138888888889,True,0.0,1.2167506217956543,3.516954183578491,1.2251983880996704,P1,-1.8195610046386719,1.2167506217956543,3.516954183578491,1.180686593055725,0.5479734539985657,0.5588148236274719,0.0,0.4366762936115265,checkpoint_train_diagnostic,52,S_CORE,262144
6.781684027777778e-05,0.04045138888888889,True,0.0,1.2045691013336182,3.5417542457580566,1.2194234132766724,P0,-1.7507715225219727,1.2045691013336182,3.5417542457580566,1.172437071800232,0.5462841391563416,0.5597055554389954,0.4928521513938904,0.46868905425071716,checkpoint_train_diagnostic,52,S1,262144
0.0,0.03680555555555556,True,0.0,1.1841168403625488,3.507359266281128,1.207619071006775,P1,-1.5878517627716064,1.1841168403625488,3.507359266281128,1.1684067249298096,0.5435513854026794,0.5573262572288513,0.48947644233703613,0.4359646141529083,checkpoint_train_diagnostic,52,S1,262144
0.0,0.0125,True,0.0,1.1857677698135376,1.7934536933898926,1.1428189277648926,P0,-0.07657736539840698,1.1857677698135376,1.7934536933898926,1.140107274055481,0.0,0.0,0.0,0.4641009569168091,checkpoint_train_diagnostic,48,S0,393216
0.0,0.0078125,True,0.08136361837387085,1.2619235515594482,1.8828015327453613,1.245986819267273,P1,0.08136361837387085,1.2619235515594482,1.8828015327453613,1.2448909282684326,0.0,0.0,0.0,0.4393186569213867,checkpoint_train_diagnostic,48,S0,393216
0.0,0.024479166666666666,True,0.0,1.2088230848312378,2.0969905853271484,1.1639974117279053,P0,-0.6726633906364441,1.2088230848312378,2.0969905853271484,1.1487263441085815,0.0,0.5403632521629333,0.0,0.4640877842903137,checkpoint_train_diagnostic,48,S_CUM,393216
0.0,0.013020833333333334,True,0.0,1.2015548944473267,2.0864033699035645,1.1976120471954346,P1,-0.17190438508987427,1.2015548944473267,2.0864033699035645,1.1927108764648438,0.0,0.5477412939071655,0.0,0.4343961775302887,checkpoint_train_diagnostic,48,S_CUM,393216
0.0,0.03888888888888889,True,0.0,1.2030099630355835,3.4837779998779297,1.238142967224121,P0,-1.046055793762207,1.2030099630355835,3.4837779998779297,1.2098543643951416,0.5508686304092407,0.0,0.0,0.47074684500694275,checkpoint_train_diagnostic,48,S_CONC,393216
0.0,0.04027777777777778,True,0.0,1.1884047985076904,3.70918607711792,1.2145373821258545,P1,-1.3391388654708862,1.1884047985076904,3.70918607711792,1.178748607635498,0.5444769263267517,0.0,0.0,0.4366510808467865,checkpoint_train_diagnostic,48,S_CONC,393216
0.0,0.026909722222222224,True,0.0,1.2054978609085083,3.340284585952759,1.2263976335525513,P0,-0.8935257196426392,1.2054978609085083,3.340284585952759,1.2056666612625122,0.5474236607551575,0.5575928092002869,0.0,0.4679841101169586,checkpoint_train_diagnostic,48,S_CORE,393216
0.0,0.028819444444444446,True,0.0,1.1745195388793945,3.2638003826141357,1.2003298997879028,P1,-0.8918406367301941,1.1745195388793945,3.2638003826141357,1.1797631978988647,0.541610062122345,0.5545796155929565,0.0,0.4351826608181,checkpoint_train_diagnostic,48,S_CORE,393216
6.103515625e-05,0.03315972222222222,True,0.0,1.1924006938934326,3.293574810028076,1.2048895359039307,P0,-0.7922476530075073,1.1924006938934326,3.293574810028076,1.1856224536895752,0.5435689091682434,0.5572859644889832,0.4888656735420227,0.4675464928150177,checkpoint_train_diagnostic,48,S1,393216
0.0,0.03819444444444445,True,0.0,1.18990957736969,3.655369520187378,1.1890430450439453,P1,-1.9985154867172241,1.18990957736969,3.655369520187378,1.1372876167297363,0.5398362278938293,0.5544397234916687,0.4843806028366089,0.4352121651172638,checkpoint_train_diagnostic,48,S1,393216
0.0,0.0,True,0.5840758085250854,0.9251971244812012,1.2548463344573975,0.8988749384880066,P0,0.5840758085250854,0.9251971244812012,1.2548463344573975,0.8988749384880066,0.0,0.0,0.0,0.4445419907569885,checkpoint_train_diagnostic,49,S0,393216
0.0,0.0,True,0.4305779039859772,0.8313820362091064,1.100101113319397,0.8337416052818298,P1,0.4305779039859772,0.8313820362091064,1.100101113319397,0.8337416052818298,0.0,0.0,0.0,0.40443700551986694,checkpoint_train_diagnostic,49,S0,393216
0.0,0.021354166666666667,True,0.0,1.2090528011322021,1.9608004093170166,1.1519639492034912,P0,-0.3677138686180115,1.2090528011322021,1.9608004093170166,1.1438599824905396,0.0,0.5368415713310242,0.0,0.46281781792640686,checkpoint_train_diagnostic,49,S_CUM,393216
0.0,0.019444444444444445,True,0.0,1.2052586078643799,1.8183335065841675,1.1522514820098877,P1,-0.34938129782676697,1.2052586078643799,1.8183335065841675,1.1443450450897217,0.0,0.534694254398346,0.0,0.43052124977111816,checkpoint_train_diagnostic,49,S_CUM,393216
1.3563368055555556e-06,0.035243055555555555,True,0.0,1.2272324562072754,3.090139150619507,1.240161657333374,P0,-0.8785617351531982,1.2272324562072754,3.090139150619507,1.2183202505111694,0.5503653883934021,0.0,0.0,0.4703267812728882,checkpoint_train_diagnostic,49,S_CONC,393216
0.0,0.03697916666666667,True,0.0,1.1998904943466187,3.154402732849121,1.2220178842544556,P1,-0.8963260054588318,1.1998904943466187,3.154402732849121,1.199063777923584,0.5464079976081848,0.0,0.0,0.4375655949115753,checkpoint_train_diagnostic,49,S_CONC,393216
4.069010416666667e-06,0.04010416666666667,True,0.0,1.1793975830078125,3.3193323612213135,1.1770762205123901,P0,-1.8073898553848267,1.1793975830078125,3.3193323612213135,1.1303350925445557,0.5369827151298523,0.5526089072227478,0.0,0.46636584401130676,checkpoint_train_diagnostic,49,S_CORE,393216
0.0,0.035243055555555555,True,0.0,1.2088656425476074,3.082782506942749,1.1997225284576416,P1,-1.6654589176177979,1.2088656425476074,3.082782506942749,1.1589816808700562,0.5422325730323792,0.5557452440261841,0.0,0.4360097348690033,checkpoint_train_diagnostic,49,S_CORE,393216
0.0,0.03350694444444444,True,0.0,1.2133649587631226,2.2183709144592285,1.1753942966461182,P0,-0.9861373901367188,1.2133649587631226,2.2183709144592285,1.150717854499817,0.5346298813819885,0.544741690158844,0.4803781807422638,0.4653431475162506,checkpoint_train_diagnostic,49,S1,393216
6.781684027777777e-06,0.0328125,True,0.0,1.1998380422592163,2.4420933723449707,1.1829158067703247,P1,-1.002328634262085,1.1998380422592163,2.4420933723449707,1.1591075658798218,0.5370882749557495,0.5492836236953735,0.4825607240200043,0.4344155192375183,checkpoint_train_diagnostic,49,S1,393216
0.0,0.013194444444444444,True,0.0,1.1967296600341797,1.8930432796478271,1.2379417419433594,P0,-0.05683310702443123,1.1967296600341797,1.8930432796478271,1.235292673110962,0.0,0.0,0.0,0.472442626953125,checkpoint_train_diagnostic,50,S0,393216
0.0,0.0,True,0.5834145545959473,1.188443660736084,1.7471723556518555,1.1953951120376587,P1,0.5834145545959473,1.188443660736084,1.7471723556518555,1.1953951120376587,0.0,0.0,0.0,0.43371254205703735,checkpoint_train_diagnostic,50,S0,393216
0.0,0.021006944444444446,True,0.0,1.1956778764724731,2.093897819519043,1.158198356628418,P0,-0.4475308954715729,1.1956778764724731,2.093897819519043,1.1486636400222778,0.0,0.5387515425682068,0.0,0.46316948533058167,checkpoint_train_diagnostic,50,S_CUM,393216
0.0,0.010243055555555556,True,0.0,1.2695187330245972,2.1201095581054688,1.3450244665145874,P1,-0.006664170417934656,1.2695187330245972,2.1201095581054688,1.3427940607070923,0.0,0.5751182436943054,0.0,0.4495435655117035,checkpoint_train_diagnostic,50,S_CUM,393216
0.0,0.035243055555555555,True,0.0,1.2320301532745361,4.114141941070557,1.2627453804016113,P0,-1.2228330373764038,1.2320301532745361,4.114141941070557,1.2336368560791016,0.5569319128990173,0.0,0.0,0.4715147614479065,checkpoint_train_diagnostic,50,S_CONC,393216
0.0,0.03767361111111111,True,0.0,1.2192682027816772,3.3495030403137207,1.2214359045028687,P1,-1.3534395694732666,1.2192682027816772,3.3495030403137207,1.1877129077911377,0.5461329817771912,0.0,0.0,0.43723368644714355,checkpoint_train_diagnostic,50,S_CONC,393216
0.0,0.027256944444444445,True,0.0,1.2033398151397705,3.0255208015441895,1.2146203517913818,P0,-0.8169915676116943,1.2033398151397705,3.0255208015441895,1.1958577632904053,0.5453372001647949,0.5573559999465942,0.0,0.46803322434425354,checkpoint_train_diagnostic,50,S_CORE,393216
0.0,0.027430555555555555,True,0.0,1.2093286514282227,2.8839402198791504,1.2235541343688965,P1,-0.6372713446617126,1.2093286514282227,2.8839402198791504,1.2084232568740845,0.5472912192344666,0.5586352944374084,0.0,0.43698814511299133,checkpoint_train_diagnostic,50,S_CORE,393216
0.0,0.025694444444444443,True,0.0,0.9802905321121216,1.875548005104065,0.9947465658187866,P0,-0.6119231581687927,0.9802905321121216,1.875548005104065,0.9818099141120911,0.48510971665382385,0.49474799633026123,0.4287114441394806,0.44894006848335266,checkpoint_train_diagnostic,50,S1,393216
0.0,0.025694444444444443,True,0.0,0.9050532579421997,1.6983999013900757,0.9353303909301758,P1,-0.6829618215560913,0.9050532579421997,1.6983999013900757,0.9203593134880066,0.4684288799762726,0.4780254662036896,0.41166815161705017,0.40985825657844543,checkpoint_train_diagnostic,50,S1,393216
0.0,0.026041666666666668,True,0.0,1.3595740795135498,2.0997884273529053,1.3479727506637573,P0,-0.5497870445251465,1.3595740795135498,2.0997884273529053,1.3359876871109009,0.0,0.0,0.0,0.4804641902446747,checkpoint_train_diagnostic,51,S0,393216
0.0,0.002777777777777778,True,0.26816093921661377,1.1710153818130493,1.7209221124649048,1.2177116870880127,P1,0.26816093921661377,1.1710153818130493,1.7209221124649048,1.2174049615859985,0.0,0.0,0.0,0.4377700686454773,checkpoint_train_diagnostic,51,S0,393216
0.0,0.011111111111111112,True,0.0,1.3067858219146729,2.096642255783081,1.2892237901687622,P0,-0.0352473258972168,1.3067858219146729,2.096642255783081,1.2863935232162476,0.0,0.5636628866195679,0.0,0.4744170904159546,checkpoint_train_diagnostic,51,S_CUM,393216
0.0,0.0125,True,0.0,1.1758047342300415,2.0796589851379395,1.1957067251205444,P1,-0.0660080686211586,1.1758047342300415,2.0796589851379395,1.1923158168792725,0.0,0.5509930849075317,0.0,0.4348675608634949,checkpoint_train_diagnostic,51,S_CUM,393216
3.9333767361111114e-05,0.03333333333333333,True,0.0,1.23771333694458,2.8228678703308105,1.2220685482025146,P0,-0.7787131667137146,1.23771333694458,2.8228678703308105,1.2033683061599731,0.5460124611854553,0.0,0.0,0.4695354700088501,checkpoint_train_diagnostic,51,S_CONC,393216
0.0,0.034895833333333334,True,0.0,1.232003927230835,3.000319004058838,1.238926649093628,P1,-0.8627510666847229,1.232003927230835,3.000319004058838,1.2166887521743774,0.550315797328949,0.0,0.0,0.4387824237346649,checkpoint_train_diagnostic,51,S_CONC,393216
0.0,0.0296875,True,0.0,1.0175666809082031,1.827826738357544,0.9970976114273071,P0,-0.3153489828109741,1.0175666809082031,1.827826738357544,0.9882411360740662,0.48768869042396545,0.4999461770057678,0.0,0.45021310448646545,checkpoint_train_diagnostic,51,S_CORE,393216
0.0,0.03159722222222222,True,0.0,1.1785387992858887,3.937063694000244,1.2136266231536865,P1,-1.3583191633224487,1.1785387992858887,3.937063694000244,1.1824253797531128,0.5454558730125427,0.5592908263206482,0.0,0.43652674555778503,checkpoint_train_diagnostic,51,S_CORE,393216
1.6276041666666666e-05,0.035590277777777776,True,0.0,1.2216070890426636,3.3369739055633545,1.211663007736206,P0,-1.4015941619873047,1.2216070890426636,3.3369739055633545,1.1768083572387695,0.5451563596725464,0.5572008490562439,0.4906792640686035,0.46822333335876465,checkpoint_train_diagnostic,51,S1,393216
0.0,0.03194444444444444,True,0.0,1.187739610671997,2.784297227859497,1.1874356269836426,P1,-1.0059467554092407,1.187739610671997,2.784297227859497,1.1641809940338135,0.5390982627868652,0.5525326132774353,0.4838823080062866,0.4347429573535919,checkpoint_train_diagnostic,51,S1,393216
0.0,0.00034722222222222224,True,0.37754952907562256,1.1735860109329224,1.915624737739563,1.2566030025482178,P0,0.37754952907562256,1.1735860109329224,1.915624737739563,1.2565839290618896,0.0,0.0,0.0,0.4728877544403076,checkpoint_train_diagnostic,52,S0,393216
0.0,0.0,True,0.9176936149597168,1.2957274913787842,1.8114547729492188,1.3334310054779053,P1,0.9176936149597168,1.2957274913787842,1.8114547729492188,1.3334310054779053,0.0,0.0,0.0,0.4432750344276428,checkpoint_train_diagnostic,52,S0,393216
0.0,0.021701388888888888,True,0.0,1.1842355728149414,2.140296220779419,1.1600093841552734,P0,-0.38845714926719666,1.1842355728149414,2.140296220779419,1.1511993408203125,0.0,0.5405429005622864,0.0,0.46416446566581726,checkpoint_train_diagnostic,52,S_CUM,393216
0.0,0.011458333333333333,True,0.0,1.189558982849121,1.920971155166626,1.1543375253677368,P1,-0.03491644561290741,1.189558982849121,1.920971155166626,1.1514118909835815,0.0,0.5360746383666992,0.0,0.43136435747146606,checkpoint_train_diagnostic,52,S_CUM,393216
0.0,0.03888888888888889,True,0.0,1.1886465549468994,3.379361391067505,1.204821228981018,P0,-0.9974981546401978,1.1886465549468994,3.379361391067505,1.179541826248169,0.5423674583435059,0.0,0.0,0.46853920817375183,checkpoint_train_diagnostic,52,S_CONC,393216
0.0,0.03767361111111111,True,0.0,1.1897438764572144,3.4572761058807373,1.2083109617233276,P1,-0.9141535758972168,1.1897438764572144,3.4572761058807373,1.184701919555664,0.5432876348495483,0.0,0.0,0.436752587556839,checkpoint_train_diagnostic,52,S_CONC,393216
0.0,0.0421875,True,0.0,1.2056852579116821,3.4672839641571045,1.2116703987121582,P0,-1.674283504486084,1.2056852579116821,3.4672839641571045,1.1696721315383911,0.5451684594154358,0.55987149477005,0.0,0.4685705602169037,checkpoint_train_diagnostic,52,S_CORE,393216
0.0,0.03333333333333333,True,0.0,1.18619704246521,3.326687812805176,1.2020834684371948,P1,-1.210755705833435,1.18619704246521,3.326687812805176,1.1734356880187988,0.5422390699386597,0.555296778678894,0.0,0.43570980429649353,checkpoint_train_diagnostic,52,S_CORE,393216
0.0,0.02795138888888889,True,0.0,1.2136781215667725,3.065642833709717,1.213067650794983,P0,-0.705450713634491,1.2136781215667725,3.065642833709717,1.1966218948364258,0.5447110533714294,0.5557482242584229,0.4909958839416504,0.4678937494754791,checkpoint_train_diagnostic,52,S1,393216
0.0,0.03159722222222222,True,0.0,1.1878540515899658,3.020247459411621,1.18451988697052,P1,-1.017210841178894,1.1878540515899658,3.020247459411621,1.160689115524292,0.5375109314918518,0.5499359369277954,0.4829038083553314,0.4343264102935791,checkpoint_train_diagnostic,52,S1,393216
0.0,0.0024305555555555556,True,0.22108416259288788,1.2973597049713135,1.8999165296554565,1.2879759073257446,P0,0.22108416259288788,1.2973597049713135,1.8999165296554565,1.2876465320587158,0.0,0.0,0.0,0.47378218173980713,checkpoint_train_diagnostic,48,S0,524288
0.0,0.009548611111111112,True,0.013618266209959984,1.2980774641036987,1.7936716079711914,1.267322063446045,P1,0.013618266209959984,1.2980774641036987,1.7936716079711914,1.2656301259994507,0.0,0.0,0.0,0.4409942328929901,checkpoint_train_diagnostic,48,S0,524288
0.0,0.022743055555555555,True,0.0,1.2565292119979858,2.087052345275879,1.1893068552017212,P0,-0.47766390442848206,1.2565292119979858,2.087052345275879,1.1788313388824463,0.0,0.5437217950820923,0.0,0.4672180116176605,checkpoint_train_diagnostic,48,S_CUM,524288
0.0,0.018055555555555554,True,0.0,1.1951172351837158,2.0216236114501953,1.1667486429214478,P1,-0.31505560874938965,1.1951172351837158,2.0216236114501953,1.1595617532730103,0.0,0.5387104749679565,0.0,0.4320514500141144,checkpoint_train_diagnostic,48,S_CUM,524288
0.0,0.034895833333333334,True,0.0,1.1843640804290771,3.286844253540039,1.193286657333374,P0,-0.9948534369468689,1.1843640804290771,3.286844253540039,1.169166088104248,0.5393584370613098,0.0,0.0,0.46754875779151917,checkpoint_train_diagnostic,48,S_CONC,524288
0.0,0.0359375,True,0.0,1.1735724210739136,3.297842264175415,1.1873297691345215,P1,-1.048842430114746,1.1735724210739136,3.297842264175415,1.1610444784164429,0.5376498103141785,0.0,0.0,0.43508443236351013,checkpoint_train_diagnostic,48,S_CONC,524288
0.0,0.040625,True,0.0,1.1847895383834839,3.4421489238739014,1.1993954181671143,P0,-1.6107401847839355,1.1847895383834839,3.4421489238739014,1.1544269323349,0.5423210859298706,0.5569185018539429,0.0,0.46764692664146423,checkpoint_train_diagnostic,48,S_CORE,524288
0.0,0.03194444444444444,True,0.0,1.193260669708252,3.1626505851745605,1.2121502161026,P1,-0.8498779535293579,1.193260669708252,3.1626505851745605,1.1913920640945435,0.545199990272522,0.5589559674263,0.0,0.43674683570861816,checkpoint_train_diagnostic,48,S_CORE,524288
5.0184461805555553e-05,0.034722222222222224,True,0.0,1.1940315961837769,3.318122386932373,1.2073564529418945,P0,-0.9941299557685852,1.1940315961837769,3.318122386932373,1.1817631721496582,0.543558657169342,0.5568519830703735,0.4894663393497467,0.46790072321891785,checkpoint_train_diagnostic,48,S1,524288
0.0,0.03576388888888889,True,0.0,1.1895636320114136,3.5591225624084473,1.2090481519699097,P1,-1.2755699157714844,1.1895636320114136,3.5591225624084473,1.1769675016403198,0.5441570281982422,0.5579596161842346,0.4899247884750366,0.4363275170326233,checkpoint_train_diagnostic,48,S1,524288
0.0,0.0,True,0.6590643525123596,1.028855562210083,1.2859525680541992,1.0287607908248901,P0,0.6590643525123596,1.028855562210083,1.2859525680541992,1.0287607908248901,0.0,0.0,0.0,0.4520687460899353,checkpoint_train_diagnostic,49,S0,524288
0.0,0.0,True,0.2866957187652588,0.8499289751052856,1.1064544916152954,0.8494676947593689,P1,0.2866957187652588,0.8499289751052856,1.1064544916152954,0.8494676947593689,0.0,0.0,0.0,0.4052790105342865,checkpoint_train_diagnostic,49,S0,524288
0.0,0.013020833333333334,True,0.0,1.2389663457870483,1.9482234716415405,1.1766455173492432,P0,-0.07725139707326889,1.2389663457870483,1.9482234716415405,1.1736493110656738,0.0,0.538163423538208,0.0,0.46434685587882996,checkpoint_train_diagnostic,49,S_CUM,524288
0.0,0.014756944444444444,True,0.0,1.2178562879562378,1.8515563011169434,1.1577355861663818,P1,-0.10334380716085434,1.2178562879562378,1.8515563011169434,1.1541005373001099,0.0,0.5349874496459961,0.0,0.4327438473701477,checkpoint_train_diagnostic,49,S_CUM,524288
0.0,0.029340277777777778,True,0.0,1.1905083656311035,2.9156906604766846,1.192389965057373,P0,-0.6216437220573425,1.1905083656311035,2.9156906604766846,1.177668809890747,0.5393018126487732,0.0,0.0,0.4672195613384247,checkpoint_train_diagnostic,49,S_CONC,524288
0.0,0.030555555555555555,True,0.0,1.1876229047775269,3.1573948860168457,1.2025551795959473,P1,-0.47424376010894775,1.1876229047775269,3.1573948860168457,1.1915695667266846,0.5425443053245544,0.0,0.0,0.43666672706604004,checkpoint_train_diagnostic,49,S_CONC,524288
0.0,0.036631944444444446,True,0.0,1.211207389831543,3.3534696102142334,1.2080897092819214,P0,-1.3137222528457642,1.211207389831543,3.3534696102142334,1.175942301750183,0.543734073638916,0.5571845173835754,0.0,0.4683646261692047,checkpoint_train_diagnostic,49,S_CORE,524288
0.0,0.029166666666666667,True,0.0,1.230028510093689,2.840463876724243,1.2255585193634033,P1,-1.1244629621505737,1.230028510093689,2.840463876724243,1.201022744178772,0.5472128987312317,0.5573565363883972,0.0,0.43710681796073914,checkpoint_train_diagnostic,49,S_CORE,524288
0.0,0.0328125,True,0.0,1.1987872123718262,2.5379652976989746,1.1797494888305664,P0,-1.2233647108078003,1.1987872123718262,2.5379652976989746,1.149814248085022,0.5359017848968506,0.547562301158905,0.48154526948928833,0.4659724533557892,checkpoint_train_diagnostic,49,S1,524288
0.0,0.02795138888888889,True,0.0,1.1905405521392822,2.498424530029297,1.1804568767547607,P1,-0.6162574887275696,1.1905405521392822,2.498424530029297,1.1668215990066528,0.5361841917037964,0.5477266311645508,0.48171523213386536,0.43404388427734375,checkpoint_train_diagnostic,49,S1,524288
0.0,0.011631944444444445,True,0.0,1.2839758396148682,2.054023265838623,1.3375329971313477,P0,-0.02584954723715782,1.2839758396148682,2.054023265838623,1.335403323173523,0.0,0.0,0.0,0.48000988364219666,checkpoint_train_diagnostic,50,S0,524288
0.0,0.0024305555555555556,True,0.29612165689468384,1.1375633478164673,1.8160479068756104,1.1440647840499878,P1,0.29612165689468384,1.1375633478164673,1.8160479068756104,1.1437866687774658,0.0,0.0,0.0,0.43170204758644104,checkpoint_train_diagnostic,50,S0,524288
0.0,0.01597222222222222,True,0.0,1.2645342350006104,2.0117499828338623,1.1916546821594238,P0,-0.21688513457775116,1.2645342350006104,2.0117499828338623,1.1870174407958984,0.0,0.5397363305091858,0.0,0.4647862911224365,checkpoint_train_diagnostic,50,S_CUM,524288
0.0,0.008159722222222223,True,0.052584946155548096,1.3311264514923096,2.2131879329681396,1.4153947830200195,P1,0.052584946155548096,1.3311264514923096,2.2131879329681396,1.4140427112579346,0.0,0.5870765447616577,0.0,0.4564603567123413,checkpoint_train_diagnostic,50,S_CUM,524288
0.0,0.03767361111111111,True,0.0,1.1800767183303833,3.8957152366638184,1.214770793914795,P0,-1.0369789600372314,1.1800767183303833,3.8957152366638184,1.189085841178894,0.5454757809638977,0.0,0.0,0.4689062833786011,checkpoint_train_diagnostic,50,S_CONC,524288
0.0,0.03715277777777778,True,0.0,1.1862802505493164,3.2874481678009033,1.1985598802566528,P1,-1.6724213361740112,1.1862802505493164,3.2874481678009033,1.157090187072754,0.5409009456634521,0.0,0.0,0.4362637400627136,checkpoint_train_diagnostic,50,S_CONC,524288
0.0,0.024826388888888887,True,0.0,1.19081711769104,2.940896987915039,1.1847639083862305,P0,-0.6338116526603699,1.19081711769104,2.940896987915039,1.170425295829773,0.5373002886772156,0.5497660040855408,0.0,0.466181218624115,checkpoint_train_diagnostic,50,S_CORE,524288
0.0,0.030729166666666665,True,0.0,1.202832579612732,3.291738748550415,1.218235969543457,P1,-0.9457437992095947,1.202832579612732,3.291738748550415,1.1955822706222534,0.5458062291145325,0.5579116940498352,0.0,0.43663275241851807,checkpoint_train_diagnostic,50,S_CORE,524288
0.0,0.02361111111111111,True,0.0,0.9235893487930298,1.5255191326141357,0.9276987910270691,P0,-0.28700387477874756,0.9235893487930298,1.5255191326141357,0.9215962886810303,0.46773630380630493,0.4779067039489746,0.40957072377204895,0.4447028636932373,checkpoint_train_diagnostic,50,S1,524288
0.0,0.029340277777777778,True,0.0,0.8919296264648438,1.4959073066711426,0.9085344076156616,P1,-0.7078771591186523,0.8919296264648438,1.4959073066711426,0.892880916595459,0.46182283759117126,0.47184762358665466,0.4040484130382538,0.4080488085746765,checkpoint_train_diagnostic,50,S1,524288
0.0,0.02378472222222222,True,0.0,1.1498935222625732,1.737485647201538,1.145935297012329,P0,-0.3805254399776459,1.1498935222625732,1.737485647201538,1.1377640962600708,0.0,0.0,0.0,0.46553611755371094,checkpoint_train_diagnostic,51,S0,524288
0.0,0.00017361111111111112,True,0.36521145701408386,1.1976754665374756,1.765445351600647,1.2357250452041626,P1,0.36521145701408386,1.1976754665374756,1.765445351600647,1.2357233762741089,0.0,0.0,0.0,0.4381474256515503,checkpoint_train_diagnostic,51,S0,524288
0.0,0.003298611111111111,True,0.19602476060390472,1.2423832416534424,2.0003814697265625,1.2325050830841064,P0,0.19602476060390472,1.2423832416534424,2.0003814697265625,1.2320266962051392,0.0,0.5522705912590027,0.0,0.46922051906585693,checkpoint_train_diagnostic,51,S_CUM,524288
0.0,0.0012152777777777778,True,0.3555191159248352,1.221508502960205,1.993934988975525,1.240290641784668,P1,0.3555191159248352,1.221508502960205,1.993934988975525,1.2401620149612427,0.0,0.554839015007019,0.0,0.43714991211891174,checkpoint_train_diagnostic,51,S_CUM,524288
2.983940972222222e-05,0.029513888888888888,True,0.0,1.1845264434814453,2.759533643722534,1.1913114786148071,P0,-0.4757729470729828,1.1845264434814453,2.759533643722534,1.1799240112304688,0.5383186936378479,0.0,0.0,0.46703043580055237,checkpoint_train_diagnostic,51,S_CONC,524288
0.0,0.03246527777777778,True,0.0,1.2007395029067993,2.8646676540374756,1.201470136642456,P1,-0.6860461831092834,1.2007395029067993,2.8646676540374756,1.184150218963623,0.540837824344635,0.0,0.0,0.43597644567489624,checkpoint_train_diagnostic,51,S_CONC,524288
0.0,0.01545138888888889,True,0.0,1.105888843536377,1.7927746772766113,1.0798848867416382,P0,-0.14639055728912354,1.105888843536377,1.7927746772766113,1.0754270553588867,0.5064715147018433,0.513441801071167,0.0,0.4559224843978882,checkpoint_train_diagnostic,51,S_CORE,524288
0.0,0.03854166666666667,True,0.0,1.198839783668518,3.6195807456970215,1.2244961261749268,P1,-1.1476397514343262,1.198839783668518,3.6195807456970215,1.193610429763794,0.5482671856880188,0.5624991655349731,0.0,0.43776196241378784,checkpoint_train_diagnostic,51,S_CORE,524288
1.763237847222222e-05,0.03350694444444444,True,0.0,1.2141671180725098,3.0091371536254883,1.2062634229660034,P0,-1.1330410242080688,1.2141671180725098,3.0091371536254883,1.1789133548736572,0.5430647730827332,0.5546838641166687,0.48909902572631836,0.467589408159256,checkpoint_train_diagnostic,51,S1,524288
0.0,0.035243055555555555,True,0.0,1.1892491579055786,2.798372268676758,1.1862033605575562,P1,-1.309227705001831,1.1892491579055786,2.798372268676758,1.154686689376831,0.5382614731788635,0.5517708659172058,0.48347175121307373,0.43474942445755005,checkpoint_train_diagnostic,51,S1,524288
0.0,0.004861111111111111,True,0.15137508511543274,1.2387733459472656,1.9216103553771973,1.25510573387146,P0,0.15137508511543274,1.2387733459472656,1.9216103553771973,1.254629135131836,0.0,0.0,0.0,0.473123162984848,checkpoint_train_diagnostic,52,S0,524288
0.0,0.0,True,0.4493490159511566,1.242571234703064,1.8334875106811523,1.260658860206604,P1,0.4493490159511566,1.242571234703064,1.8334875106811523,1.260658860206604,0.0,0.0,0.0,0.4407195448875427,checkpoint_train_diagnostic,52,S0,524288
0.0,0.022916666666666665,True,0.0,1.2830058336257935,2.2177670001983643,1.2421408891677856,P0,-0.46116507053375244,1.2830058336257935,2.2177670001983643,1.2316333055496216,0.0,0.5553491115570068,0.0,0.46942248940467834,checkpoint_train_diagnostic,52,S_CUM,524288
0.0,0.002951388888888889,True,0.2554139196872711,1.1575067043304443,1.8688372373580933,1.1424908638000488,P1,0.2554139196872711,1.1575067043304443,1.8688372373580933,1.14212965965271,0.0,0.5350189208984375,0.0,0.43066275119781494,checkpoint_train_diagnostic,52,S_CUM,524288
2.7126736111111112e-06,0.030729166666666665,True,0.0,1.1933979988098145,2.9946062564849854,1.2074861526489258,P0,-0.6144622564315796,1.1933979988098145,2.9946062564849854,1.1934759616851807,0.5420190691947937,0.0,0.0,0.46814754605293274,checkpoint_train_diagnostic,52,S_CONC,524288
0.0,0.03263888888888889,True,0.0,1.1628410816192627,3.313504695892334,1.191055178642273,P1,-0.7729136347770691,1.1628410816192627,3.313504695892334,1.1722475290298462,0.5386406779289246,0.0,0.0,0.43571898341178894,checkpoint_train_diagnostic,52,S_CONC,524288
0.0,0.03854166666666667,True,0.0,1.2093689441680908,3.425269365310669,1.2282770872116089,P0,-1.3540654182434082,1.2093689441680908,3.425269365310669,1.1917970180511475,0.5495514869689941,0.563417375087738,0.0,0.4696478843688965,checkpoint_train_diagnostic,52,S_CORE,524288
0.0,0.035243055555555555,True,0.0,1.174767017364502,3.098235845565796,1.183209776878357,P1,-0.9936050772666931,1.174767017364502,3.098235845565796,1.1584974527359009,0.5376536250114441,0.5516327619552612,0.0,0.4346001446247101,checkpoint_train_diagnostic,52,S_CORE,524288
4.069010416666667e-06,0.0359375,True,0.0,1.1765681505203247,3.0397377014160156,1.186680555343628,P0,-1.0732734203338623,1.1765681505203247,3.0397377014160156,1.1592276096343994,0.5383576154708862,0.5525236129760742,0.48362642526626587,0.4667453467845917,checkpoint_train_diagnostic,52,S1,524288
0.0,0.03177083333333333,True,0.0,1.2168285846710205,2.8118321895599365,1.2155312299728394,P1,-1.1670790910720825,1.2168285846710205,2.8118321895599365,1.189171552658081,0.5446276068687439,0.5554419159889221,0.49161380529403687,0.43647775053977966,checkpoint_train_diagnostic,52,S1,524288
