action_boundary_fraction,action_sd,case_count,consecutive_action_variation,core_clip_fraction,cumulative_reward,mae_0_1800,mae_0_600,mae_600_1800,mean_deterministic_action,profile,rmse_0_1800,rmse_0_600,rmse_600_1800,seed,sqi_rejection_fraction,stale_fraction,state,subject_count,time_above_60_fraction,time_below_40_fraction,time_in_40_60_fraction,total_propofol_mg,visible_fraction
0.002951388888888889,0.3437484831576321,96,0.01771411173101133,0.0,51.73420929859734,6.795804202533383,13.520360509289452,3.4335260491553488,1.278861791018776,P0,12.11546864607069,20.103293088454674,3.8275173378582754,48,0.0,0.0010416666666666667,S0,96,0.13402777777777777,0.013541666666666665,0.8524305555555557,230.1951223833797,0.5440972222222222
0.010532407407407407,0.32727087366125307,96,0.018961837220402847,0.0,54.57056604054287,6.679634325920851,13.256099632042824,3.391401672859866,1.270648834316267,P1,11.926784659980123,19.742800129532373,3.810772669185114,48,0.13107638888888887,0.0011574074074074073,S0,96,0.13466435185185185,0.011458333333333333,0.8538773148148149,228.71679017692804,0.41290509259259256
0.025636574074074076,0.5248826109749722,96,0.10025736223212556,0.0,82.90128380094738,3.6955940678976162,8.176178753573247,1.4553017250598008,1.2313680721602092,P0,9.252599505355114,15.827947448326343,1.6842711292997254,48,0.0,0.0010416666666666667,S_PROP,96,0.07824074074074075,0.0,0.9217592592592592,221.64625298883766,0.5440972222222222
0.02337962962962963,0.46426011435135844,96,0.041660765220638316,0.0,87.94400036100267,3.775503076183899,8.421232261187308,1.4526384836821933,1.2223349883979946,P1,9.357030747516502,15.98181545618406,1.7373238958145378,48,0.13107638888888887,0.0011574074074074073,S_PROP,96,0.08344907407407409,0.0,0.9165509259259258,220.020297911639,0.41290509259259256
0.00920138888888889,0.37347897427111326,96,0.017108109377296832,0.0,57.68993010824526,6.413014813568253,12.263738884016812,3.4876527783439735,1.2862860140390695,P0,11.484864521768598,18.813403364306144,3.9813852196506896,48,0.0,0.0010416666666666667,S_REMI,96,0.12141203703703703,0.019560185185185184,0.8590277777777778,231.5314825270325,0.5440972222222222
0.016377314814814813,0.3259055412392438,96,0.02183609603586809,0.0,54.7843977207354,6.358595173910288,12.62650056719672,3.2246424772670728,1.2599233020493692,P1,11.467127073887648,19.04594743404641,3.594942771044817,48,0.13107638888888887,0.0011574074074074073,S_REMI,96,0.12957175925925926,0.002662037037037037,0.8677662037037037,226.78619436888644,0.41290509259259256
0.02291666666666667,0.3599120996060372,96,0.036901954821617906,0.0,88.49187489220799,4.49195899665913,11.58292139528897,0.9464777973442097,1.1702017495701849,P0,10.49670765002768,18.05613858151177,1.3810597453104119,48,0.0,0.0010416666666666667,S_CP,96,0.11493055555555558,0.0,0.8850694444444445,210.63631492263326,0.5440972222222222
0.02199074074074074,0.35226671082197947,96,0.04294903302873924,0.0,86.60752864622856,4.553598485395018,11.787961824761183,0.9364168157119362,1.153131846298843,P1,10.489552645875337,18.054418915719417,1.315260752086593,48,0.13107638888888887,0.0011574074074074073,S_CP,96,0.11637731481481484,0.0,0.8836226851851853,207.56373233379176,0.41290509259259256
0.022048611111111106,0.48215020856060553,96,0.03831816113985784,0.0,97.01562779770798,3.3625684447913664,8.077219840576367,1.0052427468988665,1.2132097125225874,P0,8.956971826112186,15.368973259000994,1.391948209953318,48,0.0,0.0010416666666666667,S_CE,96,0.08020833333333334,0.0,0.9197916666666667,218.37774825406572,0.5440972222222222
0.025810185185185186,0.5450497234743324,96,0.04287162892610611,0.0,97.53754840632048,3.1445527759806846,7.247838905083991,1.092909711429031,1.2292800859306696,P1,8.588512318958038,14.701353527801174,1.4959966256633956,48,0.13107638888888887,0.0011574074074074073,S_CE,96,0.07129629629629629,0.0,0.9287037037037038,221.27041546752056,0.41290509259259256
0.033680555555555554,0.5477195167678773,96,0.06512841211156693,0.0,109.97792761646997,2.908672195566058,7.345017908042486,0.690499339327844,1.1812765892181132,P0,8.519716309695468,14.660666149424754,1.0648700523789651,48,0.0,0.0010416666666666667,S_CONC,96,0.07245370370370369,0.0,0.9275462962962964,212.62978605926037,0.5440972222222222
0.035648148148148144,0.5612964494341636,96,0.05256978849042727,0.0,103.89189971334258,2.8826387983125037,7.261642562942458,0.6931369159975257,1.1749685762001685,P1,8.256807766672337,14.206646636368971,1.0324477655071755,48,0.13107638888888887,0.0011574074074074073,S_CONC,96,0.06909722222222221,0.0,0.9309027777777779,211.49434371603033,0.41290509259259256
0.0,0.08533973387664222,96,0.006271046759765353,0.0,36.01254905217314,10.127281566386163,21.35406788814636,4.513888405506063,1.004408688901889,P0,14.979424456029236,24.84302696601091,4.99122055824503,49,0.0,0.0010416666666666667,S0,96,0.31354166666666666,0.0005208333333333333,0.6859375,180.79356400234005,0.5440972222222222
0.0,0.1411290273639503,96,0.010666552131555046,0.0,32.031189547221935,13.918837827330277,25.271158107200648,8.242677687395089,0.8090253866484595,P1,17.991666035120037,27.464233945671726,9.591497909709538,49,0.13107638888888887,0.0011574074074074073,S0,96,0.6074652777777778,0.00028935185185185184,0.3922453703703703,145.62456959672272,0.41290509259259256
0.025868055555555557,0.45517943047682374,96,0.032253622150246325,0.0,92.67975407654474,3.909696327245514,9.304636390661864,1.2122262955373386,1.1498284106798193,P0,9.728407730712773,16.653742187450522,1.611437851241486,49,0.0,0.0010416666666666667,S_PROP,96,0.09033564814814815,0.0,0.9096643518518519,206.96911392236748,0.5440972222222222
0.10607638888888889,0.7160553556994582,96,0.8601154695547687,0.0,95.14197317194424,3.8167044972372426,8.648388457892088,1.4008625169098199,1.1786957747233962,P1,9.51500682207294,16.20224903533395,1.8857415854761002,49,0.13107638888888887,0.0011574074074074073,S_PROP,96,0.08547453703703704,0.0,0.914525462962963,212.16523945021132,0.41290509259259256
0.0024305555555555556,0.18666313901073228,96,0.015139911237070458,0.0,53.0709866046814,8.926471695638396,20.386933576774272,3.1962407550704555,0.9889682250864874,P0,14.312740147310372,24.008667092243815,3.9069908646254894,49,0.0,0.0010416666666666667,S_REMI,96,0.29207175925925927,0.0,0.7079282407407407,178.01428051556772,0.5440972222222222
0.017013888888888887,0.3184019800731365,96,0.02222797310836544,0.0,54.494205163534254,6.420278498454,13.289576346605783,2.985629574378107,1.2223400930718828,P1,11.680588479274137,19.55872926567374,3.369422150356853,49,0.13107638888888887,0.0011574074074074073,S_REMI,96,0.13987268518518517,0.0014467592592592594,0.8586805555555556,220.02121675293893,0.41290509259259256
0.020659722222222218,0.3473810033240081,96,0.024487106781626328,0.0,92.23687778525588,4.599874671910454,12.21739493018414,0.791114542773612,1.1415878232775463,P0,10.776186149023642,18.57484381378737,1.1767896720114701,49,0.0,0.0010416666666666667,S_CP,96,0.12025462962962963,0.0,0.8797453703703703,205.48580818995833,0.5440972222222222
0.016666666666666666,0.35686709306497894,96,0.02795191841057781,0.0,73.13154408143244,4.955389906561435,11.391998289154207,1.7370857152650492,1.2113830163954171,P1,10.742030489497305,18.32907033252742,2.0770891649535157,49,0.13107638888888887,0.0011574074074074073,S_CP,96,0.11417824074074075,5.787037037037037e-05,0.8857638888888889,218.04894295117506,0.41290509259259256
0.023668981481481482,0.5155768707875561,96,0.0347029399352228,0.0,100.43056200941506,3.281411927685989,7.91231730353843,0.9659592397597692,1.2123772791276375,P0,8.951940192982244,15.350715301659351,1.4280625715117974,49,0.0,0.0010416666666666667,S_CE,96,0.07748842592592592,0.0,0.9225115740740741,218.22791024297476,0.5440972222222222
0.021064814814814814,0.5345086633189019,96,0.036403035973953134,0.0,96.88612967217693,3.239643856981639,7.524277968939066,1.0973268010029253,1.2254677027774354,P1,8.748013257649156,14.971481675538923,1.5302615146151208,49,0.13107638888888887,0.0011574074074074073,S_CE,96,0.07326388888888886,0.0,0.9267361111111111,220.58418649993837,0.41290509259259256
0.029861111111111113,0.5255180072477036,96,0.03238337443277822,0.0,110.95284085409635,3.0125708658757357,7.661469927400525,0.6881213351133407,1.1873169863475832,P0,8.818138754834093,15.177474687144596,1.0834704825317425,49,0.0,0.0010416666666666667,S_CONC,96,0.07528935185185183,0.0,0.9247106481481482,213.71705754256496,0.5440972222222222
0.03072916666666667,0.5764737184585839,96,0.04235527211595569,0.0,101.33897101401253,3.0080748409158997,7.155678348876407,0.9342730869356469,1.1982453605781,P1,8.551613958950194,14.675349366667982,1.313324287005525,49,0.13107638888888887,0.0011574074074074073,S_CONC,96,0.0699074074074074,0.0,0.9300925925925926,215.68416490405798,0.41290509259259256
0.01539351851851852,0.46690672384660187,96,0.02316913835780636,0.0,56.69050481268101,6.990420662570674,12.548693749801517,4.211284118955252,1.3364791514748637,P0,11.927224408632553,18.980776493776563,4.865005665413126,50,0.0,0.0010416666666666667,S0,96,0.11412037037037037,0.0958912037037037,0.7899884259259259,240.56624726547548,0.5440972222222222
0.0026041666666666665,0.2542408403636334,96,0.020628993010956595,0.0,56.23281871851958,6.68828625499782,14.93611954589428,2.56436960954959,1.121788702825843,P1,12.138326246933758,20.487776215192643,3.030503230758795,50,0.13107638888888887,0.0011574074074074073,S0,96,0.1626736111111111,0.000462962962962963,0.8368634259259258,201.92196650865176,0.41290509259259256
0.026504629629629628,0.48273344458181616,96,0.037640950233229824,0.0,90.65132015590852,4.071551551361293,9.666638846254527,1.2740079039146763,1.144995870925831,P0,10.011875700242754,17.144754803518495,1.6573642127586516,50,0.0,0.0010416666666666667,S_PROP,96,0.09380787037037037,0.0,0.9061921296296297,206.09925676664957,0.5440972222222222
0.022337962962962962,0.4700238808126615,96,0.038620112867925306,0.0,89.75905936288689,4.063053622507703,9.388898386827531,1.400131240347789,1.159681108440445,P1,9.91797048309319,16.93545871680389,1.837903155830251,50,0.13107638888888887,0.0011574074074074073,S_PROP,96,0.09230324074074074,0.0,0.9076967592592592,208.7425995192801,0.41290509259259256
0.001099537037037037,0.23092927608413458,96,0.017128802052901942,0.0,40.848839851580045,10.366480190160503,21.44955541065907,4.82494257991122,0.9896038543010405,P0,15.230761630141165,24.867193935432454,5.564621933245628,50,0.0,0.0010416666666666667,S_REMI,96,0.3592592592592592,0.0031828703703703706,0.6375578703703704,178.12869377418733,0.5440972222222222
0.008796296296296295,0.29786616414941186,96,0.015918283867242172,0.0,58.72659227698111,6.266131505030651,13.80483838059052,2.496778067250718,1.1729242835469817,P1,11.703704240150905,19.768273920926877,2.94375224030928,50,0.13107638888888887,0.0011574074074074073,S_REMI,96,0.14363425925925924,0.0015046296296296294,0.8548611111111111,211.12637103845677,0.41290509259259256
0.015162037037037038,0.4828592246685759,96,0.021125230332923222,0.0,59.16754021005761,6.9002598295863,12.021619618579303,4.339579935089799,1.3611946037332354,P0,11.576425331807608,18.143443993786445,5.088535229555753,50,0.0,0.0010416666666666667,S_CP,96,0.10445601851851853,0.12077546296296297,0.7747685185185186,245.01502867198238,0.5440972222222222
0.014756944444444442,0.3183980915005828,96,0.019768025672316444,0.0,70.46509683098382,5.547229196924028,13.00997296385877,1.815857313456658,1.1743650776403092,P1,11.34835519077752,19.343135722413294,2.224236284347161,50,0.13107638888888887,0.0011574074074074073,S_CP,96,0.1324074074074074,0.00028935185185185184,0.8673032407407408,211.3857139752557,0.41290509259259256
0.004224537037037037,0.42764860285289125,96,0.02548860152576334,0.0,87.76280339925476,3.9736833436655163,9.207781335206493,1.356634347895028,1.2235181820044225,P0,9.780241965011031,16.7210081539241,1.8121235104355808,50,0.0,0.0010416666666666667,S_CE,96,0.09097222222222223,0.0,0.9090277777777779,220.23327276079604,0.5440972222222222
0.004513888888888889,0.43024858714678826,96,0.039455422181185175,0.0,79.21684501700076,4.137224599988058,8.892985506031202,1.759344146966485,1.249109003941218,P1,9.60858919526846,16.319658874765924,2.180754970607744,50,0.13107638888888887,0.0011574074074074073,S_CE,96,0.08767361111111112,0.00011574074074074075,0.9122106481481483,224.83962070941925,0.41290509259259256
0.036516203703703703,0.6479526035315032,96,0.05066832550757979,0.0,118.70792693441801,2.5128402551229256,6.2972165474980555,0.6206521089353616,1.201136867588179,P0,7.96579415336896,13.684316175403678,1.0754818150384498,50,0.0,0.0010416666666666667,S_CONC,96,0.06105324074074075,0.0,0.9389467592592592,216.20463616587222,0.5440972222222222
0.0370949074074074,0.5888328715997928,96,0.051399378386955685,0.0,111.55364751861164,2.7285322771908027,6.79762341303467,0.6939867092688675,1.1861799128577803,P1,8.219662837299008,14.134550164558249,1.077605882131601,50,0.13107638888888887,0.0011574074074074073,S_CONC,96,0.0671875,0.0,0.9328125000000002,213.51238431440046,0.41290509259259256
0.022858796296296294,0.3610224632823345,96,0.020664520311954968,0.0,54.2173731367106,6.172698469852591,12.758037731229578,2.880028839164097,1.1499869951762742,P0,11.32621202052274,18.97211633420233,3.2279437723158657,51,0.0,0.0010416666666666667,S0,96,0.13038194444444443,0.0005208333333333333,0.8690972222222223,206.99765913172936,0.5440972222222222
0.0002893518518518519,0.2912672926304794,96,0.016075130382091418,0.0,49.68965737719856,7.107618292070494,13.67602274882266,3.82341606369441,1.2188921787327638,P1,12.123863133208703,19.877216596130012,4.274385702243824,51,0.13107638888888887,0.0011574074074074073,S0,96,0.1615162037037037,0.005497685185185185,0.8329861111111111,219.4005921718975,0.41290509259259256
0.024305555555555552,0.42310318560499915,96,0.02919912197604581,0.0,83.73553458950495,4.277764372365559,10.190556774119742,1.3213681714884666,1.1789392856570582,P0,10.16735436063491,17.43527782584136,1.6408103823197475,51,0.0,0.0010416666666666667,S_PROP,96,0.1004050925925926,0.0,0.8995949074074074,212.20907141827047,0.5440972222222222
0.02054398148148148,0.4954034320025176,96,0.05474354616701047,0.0,92.33681618406273,3.6564566893031603,8.260028180669313,1.354670943620084,1.192238722515672,P1,9.248139732781167,15.778238731130022,1.7799576917817603,51,0.13107638888888887,0.0011574074074074073,S_PROP,96,0.08072916666666667,0.0,0.9192708333333334,214.60297005282095,0.41290509259259256
0.0012152777777777778,0.271385812212665,96,0.014549281205322931,0.0,35.22844105649513,15.894401312581614,29.34354754521466,9.169828196265088,0.8309547427813179,P0,20.702330037248405,31.1805808720688,11.012697201456243,51,0.0,0.0010416666666666667,S_REMI,96,0.5299768518518518,0.0,0.4700231481481481,149.5718537006372,0.5440972222222222
0.00480324074074074,0.24775356608622193,96,0.015115996045745506,0.0,33.13815117478621,18.454405633467093,32.26113487224179,11.551041014079745,0.7129298255632252,P1,23.121702097116664,33.63559771749635,13.770310039321345,51,0.13107638888888887,0.0011574074074074073,S_REMI,96,0.5972800925925926,0.0,0.40271990740740743,128.32736860138053,0.41290509259259256
0.010127314814814815,0.21817704090592716,96,0.018769058541115546,0.0,38.661743970143824,12.266137751134693,24.07592242209904,6.361245415652523,0.921796034717139,P0,16.829574049690265,26.5634111371629,7.520974723918184,51,0.0,0.0010416666666666667,S_CP,96,0.507349537037037,0.0,0.49265046296296294,165.923286249085,0.5440972222222222
0.014467592592592593,0.33861548410657205,96,0.017576513969767806,0.0,58.35238713784309,6.449342497344237,13.381901395778725,2.9830630481269935,1.2310999761887447,P1,11.8422362902267,19.759919013493867,3.435417726194276,51,0.13107638888888887,0.0011574074074074073,S_CP,96,0.13530092592592594,0.002662037037037037,0.862037037037037,221.59799571397403,0.41290509259259256
0.014351851851851852,0.4979607645757291,96,0.029119773724530885,0.0,93.14115510506701,3.5552953433763457,8.470760369739331,1.0975628301948526,1.1758575261794721,P0,9.328584929973816,16.010320840412586,1.4385801864458407,51,0.0,0.0010416666666666667,S_CE,96,0.08188657407407408,0.0,0.9181134259259259,211.65435471230498,0.5440972222222222
0.005092592592592592,0.5151533744441182,96,0.03923506552467965,0.0,96.31157584472855,3.324879162901736,7.685543614259816,1.1445469372226957,1.220131063207777,P1,8.82894407953126,15.07957626874551,1.653377367006395,51,0.13107638888888887,0.0011574074074074073,S_CE,96,0.07407407407407406,0.0,0.9259259259259259,219.62359137739986,0.41290509259259256
0.028703703703703703,0.5003592991848754,96,0.03327090680959949,0.0,111.3073836205477,3.0950655368671076,7.961031009889258,0.662082800356033,1.1826967410501783,P0,8.940650964280028,15.391762838275966,1.0692000309132006,51,0.0,0.0010416666666666667,S_CONC,96,0.0785300925925926,0.0,0.9214699074074075,212.8854133890321,0.5440972222222222
0.03142361111111111,0.5137172067126627,96,0.038062553377596585,0.0,108.8404341606999,3.044160162688948,7.712578885605995,0.7099508012304226,1.1918395143002272,P1,8.743049276024923,15.039362327772807,1.1218719859053552,51,0.13107638888888887,0.0011574074074074073,S_CONC,96,0.07546296296296294,0.0,0.924537037037037,214.5311125740409,0.41290509259259256
0.004745370370370371,0.375333711230798,96,0.018473440098786098,0.0,58.78256305739973,6.611796306368329,13.31355241313893,3.2609182529830263,1.244312319984763,P0,12.040736268776044,19.92362052402632,3.7535158917242266,52,0.0,0.0010416666666666667,S0,96,0.1308449074074074,0.01880787037037037,0.8503472222222223,223.97621759725735,0.5440972222222222
0.0005208333333333333,0.28258183374684287,96,0.016906194314291245,0.0,50.182481417493385,6.893067654611158,13.269455370339637,3.7048737967469165,1.2645917185616715,P1,11.945091736063565,19.66781665701824,4.136618912541117,52,0.13107638888888887,0.0011574074074074073,S0,96,0.1343171296296296,0.011979166666666666,0.8537037037037036,227.62650934110084,0.41290509259259256
0.019618055555555555,0.47611135613293554,96,0.0338890613637712,0.0,87.16520497856949,3.9744833135096105,9.203050604249604,1.3601996681396145,1.1946447024363334,P0,9.831947148930977,16.833648770754177,1.6844217740799692,52,0.0,0.0010416666666666667,S_PROP,96,0.0888888888888889,0.0,0.9111111111111111,215.03604643854,0.5440972222222222
0.010590277777777777,0.45978829333739163,96,0.03408940661060355,0.0,85.35458199310965,4.249936282542663,9.3017979512082,1.7240054482098939,1.190959387415744,P1,9.935953509656294,16.8275795810509,2.250444752769068,52,0.13107638888888887,0.0011574074074074073,S_PROP,96,0.09033564814814816,0.0002893518518518519,0.9093750000000002,214.37268973483393,0.41290509259259256
0.007928240740740741,0.33123582108678357,96,0.019033381661653408,0.0,60.514670133437754,6.340890501969586,13.236842235689911,2.892914635109424,1.2265730858676962,P0,11.721894015982505,19.544478553637788,3.3339657989961418,52,0.0,0.0010416666666666667,S_REMI,96,0.13385416666666664,0.004918981481481482,0.8612268518518519,220.78315545618534,0.5440972222222222
0.010069444444444445,0.4019034817381278,96,0.022372493657389275,0.0,50.163091655727044,7.19827669008318,12.817988066837225,4.38842100170616,1.2961144109429033,P1,11.880853610533677,18.964589255364782,4.915936153142209,52,0.13107638888888887,0.0011574074074074073,S_REMI,96,0.1261574074074074,0.07025462962962963,0.803587962962963,233.3005939697226,0.41290509259259256
0.016493055555555556,0.30613194831309554,96,0.021001320637526678,0.0,76.27635555470164,5.173783342559481,13.188723267768575,1.1663133799549315,1.1532363653700386,P0,11.151370876524508,19.17957412668403,1.518280250518945,52,0.0,0.0010416666666666667,S_CP,96,0.13055555555555554,0.0,0.8694444444444445,207.58254576660693,0.5440972222222222
0.013946759259259258,0.33426646747991534,96,0.02699173047091097,0.0,64.25623649723984,5.105404270990123,11.326760030647469,1.99472639116145,1.230091899788628,P1,10.700523640572195,18.23354335331372,2.285761623885517,52,0.13107638888888887,0.0011574074074074073,S_CP,96,0.11383101851851853,5.787037037037037e-05,0.8861111111111111,221.41654196195304,0.41290509259259256
0.010763888888888887,0.46067334653509917,96,0.0325398139960828,0.0,83.44787538212915,3.9329466702485583,8.98360567714793,1.4076171667988726,1.1518489397717295,P0,9.497155133880854,16.240170679985308,1.7292339188639925,52,0.0,0.0010416666666666667,S_CE,96,0.08802083333333334,0.0,0.9119791666666668,207.33280915891132,0.5440972222222222
0.007465277777777776,0.4795961718878681,96,0.04226512129607591,0.0,91.94483901729133,3.6060754439932636,8.237391443937312,1.290417444021239,1.2238708396131794,P1,9.199539895002319,15.707343241143292,1.7791460408023514,52,0.13107638888888887,0.0011574074074074073,S_CE,96,0.08101851851851853,0.0,0.9189814814814815,220.2967511303723,0.41290509259259256
0.030497685185185183,0.5191772890581018,96,0.042767109949440045,0.0,114.37235295801342,2.956317537918825,7.574429210147401,0.6472617018045366,1.1963979853230908,P0,8.728199350281399,15.01975810857491,1.0667940153184936,52,0.0,0.0010416666666666667,S_CONC,96,0.07546296296296295,0.0,0.924537037037037,215.35163735815635,0.5440972222222222
0.03391203703703704,0.5631846684286623,96,0.04799827209238511,0.0,106.35074379633313,2.8915689158218805,7.147734439077756,0.7634861541939425,1.1800439845304938,P1,8.392715439531612,14.432579899947727,1.1119038003432613,52,0.13107638888888887,0.0011574074074074073,S_CONC,96,0.0695023148148148,0.0,0.9304976851851853,212.40791721548885,0.41290509259259256
